id,destination_name,latitude,longitude,altitude_m,popularity_score,safety_rating,airport_distance_km,railway_distance_km,major_city_distance_km,budget_min,budget_max,mid_range_min,mid_range_max,luxury_min,luxury_max,min_trip_days,ideal_trip_days,max_trip_days,accessibility_score,destination_text
1,Goa,15.3,73.8,50,9,7,22,35.0,600,1400,2800,3300,6600,10800,26100,2.0,5.0,10,0,"Goa Goa West India North Goa, South Goa Beach Cultural Food Nightlife Wellness Photography Baga Beach Calangute Beach Old Goa Churches Fort Aguada Dudhsagar Falls Spice Plantations Beach hopping Water sports Temple and church visits Ayurveda spas Nightlife River cruise Indo-Portuguese heritage, vibrant nightlife, spice plantations, waterfall excursions Palolem Beach Agonda Beach Arambol Beach Morjim Beach Netravali Lake Tambdi Surla Temple Winter Post-Monsoon Peak Monsoon Solo Couple Family_with_kids Family_with_elderly Friends Romantic sunsets, beach stays, quiet South Goa beaches Nightlife, water sports, party beaches Safe, easy to navigate, lots of hostels and social activities Gentle beaches, resorts with pools and activities Good medical facilities, easy transport, plenty of relaxed sightseeing Very crowded and expensive in Christmas–New Year week; respect dress codes in churches and temples. Excellent seafood, Goan cuisine, beach shacks, many vegetarian and international options. Strong Catholic and Konkani traditions with visible Portuguese architectural influence. Carnival (Feb-Mar), Shigmo, Christmas and New Year celebrations, Feast of St. Francis Xavier. Remove footwear in temples; modest clothing in churches; avoid loud behaviour in residential areas at night. Spices cashews feni handicrafts beachwear. Goan fish curry rice Prawn balchao Pork vindaloo Bebinca Feni Great mix of beaches, nightlife, and heritage; best in winter; monsoon is quiet but very wet. Plastic restrictions on several beaches; support eco-certified operators where possible."
2,Ladakh (Leh),34.16,77.58,3505,9,8,5,420.0,420,1500,3400,3900,7700,10700,22500,4.0,7.0,14,1,"Ladakh (Leh) Ladakh North India Leh, Kargil Adventure Nature Cultural Religious Photography Trekking Leh Palace Shanti Stupa Pangong Tso Nubra Valley Khardung La Tso Moriri Hemis Monastery High-altitude trekking Motorbike touring River rafting (Zanskar) Monastery visits Camping 4x4 road trips High-altitude desert landscapes, monasteries, starry night skies, challenging mountain passes. Turtuk (in Nubra region) Alchi Monastery Hemis National Park Remote villages like Hanle Summer Early Autumn Deep Winter Adventure_seekers Photographers Trekking_enthusiasts Couples Friends High passes, remote valleys, rugged terrain. Dramatic mountains, lakes, night skies. Multiple trekking routes and homestay trails. Risk of altitude sickness; acclimatise 24–48 hours in Leh; some border areas require permits. Local Tibetan and Ladakhi dishes, basic North Indian, limited Western options. Tibetan Buddhist cultural region with monasteries and traditional villages. Hemis Festival, Losar (New Year), various monastery festivals. Remove shoes in monasteries; ask before photographing locals or rituals; avoid loud behaviour. Pashmina shawls Handicrafts Prayer flags Thangka paintings Momos Thukpa Butter tea Skyu Apricot products Spectacular but demanding destination; preparation for altitude and weather is essential. Water is scarce; avoid plastic, use refillable bottles, and respect fragile high-altitude ecosystems."
3,Jaipur,26.9124,75.7873,431,9,8,12,3.0,280,1300,2600,2500,5600,8300,23700,2.0,3.0,4,0,"Jaipur Rajasthan North India Jaipur Heritage Cultural Photography Shopping Food Amer Fort City Palace Hawa Mahal Jantar Mantar Nahargarh Fort Jaigarh Fort Fort tours Guided heritage walks Food walks Shopping in bazaars Light and sound shows Pink city architecture, royal palaces, hilltop forts with city views. Panna Meena ka Kund Albert Hall Museum at night Stone observatory corners at Jantar Mantar Winter Late Autumn Peak Summer (April-June afternoons) Families Couples History_buff First_time_India_traveller Rich Rajput and Mughal architecture and museums. Fort visits, elephant/jeep rides at Amer, easy logistics. Forts and palaces involve stair climbing; hot afternoons in summer. Strong Rajasthani cuisine, sweets, and street food; many vegetarian options. Mix of Rajput royal heritage and vibrant local traditions. Jaipur Literature Festival, Teej, Holi, Diwali. Dress modestly at religious places; bargaining common in bazaars. Handicrafts Block-printed textiles Jewellery Blue pottery Dal Baati Churma Ghewar Kachori Laal Maas (for non-vegetarians) Highly recommended for first-time visitors to India and heritage lovers. Support heritage conservation by using authorised guides and tickets."
4,Varanasi (Kashi),25.3176,82.9739,81,9,7,26,2.0,120,1200,2400,2450,5000,6900,23800,2.0,3.0,4,0,"Varanasi (Kashi) Uttar Pradesh North India Varanasi Religious Spiritual Cultural Photography Dashashwamedh Ghat Kashi Vishwanath Temple Assi Ghat Sarnath Manikarnika Ghat Ganga Aarti Sunrise boat ride Evening Ganga Aarti viewing Temple visits Old city walking tours Sarnath day trip Ancient ghats, ritual bathing, cremation ghats and intense spiritual atmosphere. Less crowded ghats upriver Small akharas and ashrams Quiet lanes behind ghats Winter Early Spring Peak Summer (heat) Days of very high river levels in heavy monsoon Pilgrims Spiritual_seekers Photographers Culture_lovers Major Hindu tirtha with many temples and ghats. Vivid scenes of daily ritual life along the river. Crowds around main ghats and temple; strong sights and smells at cremation ghats; respect photography restrictions. Famous for vegetarian food, sweets, chaat and lassi; mostly budget-friendly. One of the oldest continuously inhabited cities, with deep ritual and philosophical traditions. Dev Deepawali, important Hindu festivals, and frequent local melas. Dress modestly; remove shoes in temples; do not photograph cremations without explicit permission. Banarasi silk sarees Brassware Rudraksha and religious items Kachori-sabzi Banarasi paan Lassi Street chaat Intense but unforgettable experience; spiritual and photogenic but can feel overwhelming. River-cleaning and ghat conservation underway; support operators who follow waste and pollution norms."
5,Agra,27.1767,78.0081,171,10,8,7,3.0,220,1400,2800,2800,5900,7000,24800,1.0,2.0,3,0,Agra Uttar Pradesh North India Agra Heritage Photography Short_break Taj Mahal Agra Fort Mehtab Bagh Itmad-ud-Daulah (Baby Taj) Sunrise Taj Mahal visit Fort tours Yamuna riverside views Heritage walks World-famous Taj Mahal views at sunrise and sunset. Mehtab Bagh at sunset Less-known viewpoints along Yamuna Winter Late Autumn Hottest summer weeks First_time_visitors Heritage_lovers Day_trip_from_Delhi Iconic UNESCO site and easy logistics. Highway and express train connections. Closed on some specific days for maintenance or official events; check Taj Mahal timings and ticket rules. North Indian cuisine with many budget and mid-range restaurants. Mughal heritage city with strong tourism orientation. Taj Mahotsav cultural festival and standard Indian festivals. Security checks at monuments; certain items not allowed inside Taj premises. Marble handicrafts Inlay work Leather goods Petha sweets Mughlai dishes Must-see for Taj Mahal; most visitors stay 1–2 nights. Air-quality measures and traffic restrictions near Taj to protect the monument.
6,Udaipur,24.5854,73.7125,598,8,8,22,2.0,260,1400,2700,2550,5700,8000,25300,2.0,3.0,4,1,"Udaipur Rajasthan West India Udaipur Heritage Romantic Photography City Palace Lake Pichola Jag Mandir Jagdish Temple Fateh Sagar Lake Boat rides Palace tours Sunset viewpoints Heritage walks Lake city views, palace hotels and narrow old lanes. Monsoon Palace (Sajjangarh) Lesser-known ghats on Lake Pichola Winter Autumn Peak summer afternoons Couples Families Heritage_lovers Romantic lakeside atmosphere and sunset boat rides. Palaces, temples, traditional markets. Hilly old city lanes; steep steps at some viewpoints. Rajasthani and North Indian cuisine, lakeside cafes and rooftop restaurants. Mewar royal heritage with strong traditions and festivals. Mewar Festival, Shilpgram fair, Holi, Diwali. Standard temple etiquette and modest dressing. Miniature paintings Handicrafts Textiles Jewellery Dal Baati Churma Mirchi vada Mawa kachori Popular romantic and heritage city with scenic lakes. Respect lake cleanliness and avoid littering on ghats."
7,Kerala Backwaters (Alappuzha & Kumarakom),9.4981,76.3388,1,9,8,83,5.0,60,1550,3200,3200,6800,8200,25300,1.0,2.0,4,1,"Kerala Backwaters (Alappuzha & Kumarakom) Kerala South India Alappuzha, Kottayam Nature Wellness Relaxation Family Vembanad Lake Houseboat cruises Alleppey canals Kumarakom Bird Sanctuary Houseboat overnight stay Canoe rides Village walks Bird watching Sleeping on a houseboat, passing through narrow canals and village life by the water. Smaller village-based homestays Sunrise canoe rides in narrow canals Winter Post-Monsoon Peak Monsoon for houseboats if heavy rain Couples Families Relaxation_seekers Romantic houseboat stays and sunsets. Safe, slow-paced cruises with full-board options. Check safety and operator licences for houseboats; mosquitoes at dusk; humidity high. Kerala cuisine with fresh fish and coconut-based dishes, often included in houseboat packages. Traditional Keralite coastal and backwater lifestyle. Nehru Trophy Boat Race (Alleppey), Onam celebrations. Respect local village privacy and dress modestly. Coir products Spices Coconut-based products Karimeen pollichathu Meen curry Appam with stew Very relaxing and scenic; houseboat quality varies by operator. Choose operators with waste-management practices to reduce water pollution."
8,Coorg (Kodagu),12.3375,75.8069,1150,7,8,120,100.0,260,1450,2800,2600,5200,7000,19400,2.0,3.0,4,1,"Coorg (Kodagu) Karnataka South India Kodagu Nature Coffee_estates Family Short_break Coffee plantations Abbey Falls Raja's Seat Dubare Elephant Camp Talakaveri Plantation walks Short treks Elephant interaction (check ethics) Scooter/jeep tours Staying in coffee estate homestays and misty hills. Smaller private waterfalls (with permission) Interior village trails Winter Post-Monsoon Peak monsoon for trekking (slippery) Families Couples Nature_lovers Green hills, waterfalls and estate stays. Easy walks, scenic viewpoints and relaxed town. Leeches on forest trails in monsoon; winding roads may affect motion-sensitive travellers. Coorgi cuisine, South Indian meals, and homely food at homestays. Distinct Kodava warrior culture with unique festivals and dress. Kailpodh, Puthari harvest festival. Respect private estate boundaries; ask before entering plantation trails. Coffee Spices Homemade chocolates Pandi curry (pork) Kadumbuttu (rice dumplings) Noolputtu Popular long-weekend destination from Bengaluru; peaceful and green. Support low-impact estate stays and avoid litter on nature trails."
9,Ziro Valley,27.5947,93.8385,1500,5,8,120,100.0,110,1450,2800,2600,5000,4900,11200,3.0,4.0,6,2,"Ziro Valley Arunachal Pradesh Northeast India Lower Subansiri Culture Nature Offbeat Festival Rice fields and pine hills Apatani tribal villages Ziro Music Festival (annual) Village walks Cultural immersion Short hikes Music festival attendance Experiencing Apatani culture and staying in homestays in a high valley. Smaller village trails Local bamboo bridges Farmer-led experiences Autumn (for festival) Winter (cool, dry) Spring Peak monsoon due to heavy rain and road issues Offbeat_travellers Culture_seekers Backpackers Relatively few visitors and immersive experiences. Unique Apatani culture and architecture. Permits required for Arunachal; limited ATM and network availability; modest infrastructure. Simple local food with rice, vegetables and meat; limited restaurant variety. Apatani tribe with distinctive farming and social customs. Ziro Music Festival; local agricultural and religious festivals. Ask before photographing people; respect village rules and privacy. Local handicrafts Bamboo and cane work Local rice beer (for those who drink) Apatani smoked meat and vegetable dishes Peaceful, culturally rich and remote; journey can be long but worthwhile. Culturally sensitive tourism is crucial to avoid disrupting traditional lifestyles."
10,Mawlynnong & nearby (including Living Root Bridges region),25.2016,91.9193,1500,6,8,90,120.0,80,1450,2800,2600,5000,4900,11200,1.0,2.0,3,1,"Mawlynnong & nearby (including Living Root Bridges region) Meghalaya Northeast India East Khasi Hills Nature Eco_tourism Offbeat Short_break Mawlynnong village (promoted as very clean) Nearby living root bridges Skywalk viewpoints over Bangladesh plains Village walks Short treks Viewpoint climbs Nature photography Experiencing well-maintained village environment and traditional Khasi architecture. Less-visited root bridges Quiet walking paths around the village Winter Autumn Spring Heaviest monsoon weeks for road safety Families Nature_lovers Eco_travellers Road_trip_planners Lush greenery, forest trails, valley views. Village cleanliness and community-led tourism. Accommodation mostly simple homestays; roads can be foggy and slippery in rain. Simple local Khasi and basic Indian dishes, often in homestays. Khasi matrilineal society with strong village-level organisation. Local Khasi festivals and church gatherings. Respect village cleanliness norms; use designated bins and avoid plastic. Local bamboo handicrafts (limited scale) Simple souvenirs Jadoh (rice and meat dish where available) Local snacks and tea Charming and tidy village with nice views; can get day-trip crowds from Shillong. Village-led cleanliness and waste management are key attractions; visitors should follow rules strictly."
11,Shimla,31.1048,77.1734,2200,8,8,22,90.0,115,1450,2800,2600,5200,7000,19400,2.0,3.0,4,0,"Shimla Himachal Pradesh North India Shimla Hill_station Family Short_break Heritage Mall Road The Ridge Jakhoo Temple Christ Church Kalka–Shimla Toy Train Kufri (nearby) Leisure walks on Mall Road Toy train ride Temple visits Short hikes Snow activities in season (Kufri) Colonial hill station charm with views over the Himalayas. Heritage walk around Viceregal Lodge area Less crowded viewpoints beyond main Ridge Spring Summer Autumn Snowy winter (if roads clear) Peak monsoon for landslide risk Families Couples First_time_hill_station_visitors Easy walks, toy train, viewpoints and accessible attractions. Classic Himalayan hill town with full facilities. Steep walks and stairs around Mall Road and Ridge; parking restrictions in core area. Plenty of North Indian and some Himachali food options, cafes along Mall Road. Himachali hill town with colonial history and local temples. Summer Festival, standard pan-India festivals. Temple etiquette (remove shoes, modest clothing). Woollens Handicrafts Local jams and pickles Wooden souvenirs Siddu (local bread) Madra Traditional Himachali thali Classic, somewhat crowded hill station with easy access and many viewpoints. Overcrowding and waste in peak season; choose accommodations with waste management and avoid littering."
12,Dharamshala & McLeod Ganj,32.219,76.3234,1450,7,8,15,90.0,250,1350,2700,2400,4700,6000,16400,2.0,3.0,5,1,"Dharamshala & McLeod Ganj Himachal Pradesh North India Kangra Spiritual Culture Trekking Hill_station Short_break McLeod Ganj main square Tsuglagkhang (Dalai Lama temple) Bhagsu Nag Norbulingka Institute Triund trek (nearby) Monastery visits Short hikes Triund day/overnight trek Food and cafe hopping Tibetan culture walks Blend of Tibetan exile community, monasteries and Himalayan scenery. Norbulingka Institute gardens Small cafes with valley views Quieter trails beyond Bhagsu Spring Summer Autumn Peak monsoon for landslides Mid-winter if heavy snow on roads Backpackers Spiritual_seekers Trekking_enthusiasts Café_culture_lovers Tibetan monasteries, teachings and peaceful surroundings. Popular Triund trek and other local hikes. Steep roads and alleys; Triund and other treks require basic fitness and weather awareness. Strong cafe culture with Tibetan, Israeli, Italian and Indian options. Tibetan Buddhist community-in-exile alongside local Himachali population. Tibetan New Year (Losar), Buddhist teachings and events, local fairs. Respect monastery rules and silence; ask before taking close-up photos. Tibetan handicrafts Prayer flags Woollens Art from Norbulingka Tibetan momos Thukpa Tingmo Local bakery items Chilled-out Himalayan town with strong Tibetan flavour and popular day hikes. Mountain waste management is a concern; carry back trash from treks and minimise plastic use."
13,Manali,32.2432,77.1892,2050,9,8,50,140.0,300,1600,3200,2900,6400,7500,20500,3.0,4.0,6,1,"Manali Himachal Pradesh North India Kullu Hill_station Adventure Honeymoon Family Trekking Old Manali Hadimba Temple Solang Valley Rohtang Pass (seasonal) Beas River Paragliding (in Solang, seasonal, weather-based) River rafting (in Kullu region, seasonal) Skiing/snow play near Rohtang or Solang in season Short treks Cafe-hopping Gateway to high mountains with easy access to snow (in season) and adventure sports. Villages around Old Manali and Vashisht Less-crowded viewpoints along Beas Spring Summer Autumn For snow: late winter/early spring depending on snowfall Very heavy monsoon spells and days with landslide warnings Adventure_seekers Families Honeymooners Road_trip_planners Solang, Rohtang, paragliding, rafting, treks. Scenic valleys, cafes, variety of stays. Rohtang permits may be required; weather and snow can close passes; traffic jams in peak holiday periods. Many restaurants and cafes offering North Indian, Tibetan, and continental dishes. Himachali hill culture with strong tourism influence. Winter Carnival, Dussehra celebrations in Kullu valley. Temple etiquette at Hadimba and local shrines. Woollens Handicrafts Dry fruits Siddu Trout fish (where available) Local thali Very popular, sometimes crowded, but offers snow, scenery and adventure in one base. Crowding and waste around Solang and Rohtang; choose operators who follow environmental guidelines."
14,Tawang,27.586,91.859,3048,6,7,320,340.0,450,1550,3100,2800,5500,5400,12200,5.0,6.0,8,2,"Tawang Arunachal Pradesh Northeast India Tawang Spiritual Mountain Photography Offbeat Border_region Tawang Monastery Sela Pass (en route) Bum La Pass (border, permits) War Memorial High-altitude lakes Monastery visits High-mountain drives Short walks to lakes War memorial visits Remote Himalayan Buddhist region with dramatic passes and monasteries. Smaller monasteries and villages around Tawang Less-visited lakes off the main road (with local guidance) Late Spring Summer Early Autumn Heavy winter snow and peak monsoon for landslides Offbeat_mountain_lovers Spiritual_travellers Photography_enthusiasts Long, rewarding journey into a remote Himalayan area. Large and historic Buddhist monasteries. Permits required for Arunachal; road conditions and weather can be challenging; altitude and cold require preparation. Simple local and basic Indian food; limited variety in remote spots. Monpa Buddhist culture with Tibetan influence. Losar, local monastery festivals. Respect monastic traditions; seek permission for close photography. Local handicrafts Prayer items Winter wear Thukpa Momos Simple local stews Spectacular but demanding journey; not for rushed or unprepared travellers. Fragile mountain and cultural environment; travel light and avoid disturbing local ways of life."
15,Khajjiar,32.552,76.0615,1920,5,8,120,95.0,24,1350,2600,2400,4700,4600,10800,1.0,1.0,2,1,Khajjiar Himachal Pradesh North India Chamba Nature Offbeat Family Photography Khajjiar meadow Small lake in meadow Surrounding deodar forest Picnics Short walks Horse riding (seasonal) Zorbing and basic adventure games (seasonal) Alpine-like meadow setting sometimes called 'Mini Switzerland of India'. Forest walks around the meadow Less-crowded viewpoints on side trails Spring Summer Autumn Heaviest monsoon spells and very cold winter snaps if roads icy Families Couples Road_trippers_from_Dalhousie Open meadow space and relaxed pace. Good half-day or full-day excursion. Limited stay options directly at meadow; typically combined with Dalhousie stays. Small eateries and stalls; more variety in Dalhousie. Himachali village environment around a famous meadow. Local fairs and seasonal gatherings. Respect natural environment; avoid littering the meadow. Basic souvenirs; better shopping options back in Dalhousie Simple North Indian and local hill dishes from dhabas Very scenic small meadow destination best visited from nearby hill towns. Crowding and litter are risks; follow leave-no-trace principles.
16,Spiti Valley,32.22,78.33,3800,6,7,250,240.0,300,1600,3100,3100,5900,5800,12000,5.0,7.0,12,2,"Spiti Valley Himachal Pradesh North India Lahaul and Spiti Adventure High_altitude Photography Spiritual Offbeat Kaza Key (Kye) Monastery Kibber and Chicham Pin Valley Dhankar and Tabo monasteries Chandratal (seasonal access) Road trips High-altitude village stays Monastery visits Trekking (short and multi-day) Stargazing Cold desert landscapes with some of the highest villages and monasteries in India. Remote villages like Langza, Hikkim, Komik Non-touristy homestay experiences Summer Early Autumn Winter and early spring due to snow and road closures Adventure_seekers Photographers Long_road_trip_travellers Spiritual_explorers Remote, rough roads and high altitudes. Unique stark landscapes and monasteries. Altitude sickness risk; limited medical facilities; fuel, cash and connectivity can be sparse. Simple local and Indian food; limited menus; expect basic but filling meals. Tibetan Buddhist highland culture with monasteries and unique village customs. Local monastery festivals and seasonal celebrations. Respect monastery rules; ask before photographing people or rituals. Small handicrafts Prayer items Local woollens Momos Thukpa Butter tea Local breads and lentil dishes Challenging but unforgettable; considered a ‘once in a lifetime’ road journey by many. Waste disposal is a major concern; pack out trash, conserve water, and support community-run stays."
17,Nubra Valley,34.67,77.58,3300,7,8,120,520.0,120,1600,3300,3100,6200,7700,17700,2.0,2.0,3,1,"Nubra Valley Ladakh North India Leh Adventure Nature Photography Offbeat Desert_landscape Hunder sand dunes Bactrian camel rides Diskit Monastery and giant Buddha statue Villages like Turtuk (further north, permits) Camel safaris Monastery visits Village walks Camping (seasonal) Cold desert with sand dunes and camels at high altitude, framed by snow peaks. Turtuk’s Balti culture and orchards Smaller homestays off the main Hunder stretch Summer Early Autumn Deep winter and periods of heavy snow/road closure Adventure_travellers Photographers Road_trippers Remote valley and high passes. Unique desert and mountain scenery. Altitude acclimatisation in Leh necessary first; permits needed; limited healthcare locally. Simple local and Indian meals; many stays include meals. Mix of Buddhist and Balti influences. Local monastery festivals and village events. Respect local norms and modest dress, especially in villages and monasteries. Small handicrafts Local dried apricots and produce Momos Thukpa Simple local breads and stews Highlight of many Ladakh trips due to its unusual desert landscape and villages. Camel welfare, waste management and water use are key concerns; choose responsible operators."
18,Pangong Lake (Pangong Tso),33.79,78.59,4350,8,8,150,570.0,150,4000,7200,6200,10500,10000,18500,2.0,2.0,3,1,Pangong Lake (Pangong Tso) Ladakh North India Leh Nature Photography High_altitude Camping Colour-changing blue lake High-altitude landscapes Nearby village stays (Spangmik area) Lakeside walks Photography Simple camping or tent stays Short hikes around villages Stunning colour-shifting lake at over 4000 m with stark mountains all around. Less-crowded stretches of lake accessed by short walks Small homestays back from main tent rows Summer Early Autumn Winter and bad weather periods; extremely cold and often inaccessible Landscape_photographers Adventure_travellers Short_high_altitude_getaways_from_Leh Iconic blue lake and barren mountains. High-altitude experience with remote feel. Altitude risk is real; avoid running or exertion on arrival; very cold nights even in summer; permits required. Simple meals provided by camps/homestays; limited menu and mostly Indian/Tibetan staples. Sparse settlements with Tibetan Buddhist culture. No major lake-side festivals; region influenced by broader Ladakhi events. Respect environmental norms; avoid entering water in unsafe spots. Very limited; better to shop in Leh Small local handicrafts in villages Simple thukpa Momos Tea and basic homely meals Considered one of the most beautiful lakes in India; cold and altitude can be tough but views are exceptional. Waste and over-tourism are concerns; choose low-impact stays and minimise single-use plastic.
19,Ooty (Udhagamandalam),11.4064,76.6932,2240,8,8,90,50.0,90,1450,2800,2600,5700,7000,19400,2.0,3.0,4,1,"Ooty (Udhagamandalam) Tamil Nadu South India Nilgiris Hill_station Family Nature Short_break Heritage_rail Ooty Lake Botanical Gardens Doddabetta Peak Nilgiri Mountain Railway Tea estates (Coonoor route) Boat rides Toy-train ride (Nilgiri Mountain Railway) Viewpoint visits Tea estate tours Classic South Indian hill station with heritage train and tea estates. Less-crowded viewpoints around Doddabetta Estate homestays away from town centre Summer Winter Shoulder months Heaviest monsoon weeks for views and road conditions Families Couples First_time_hill_station_visitors_in_South Boating, gardens, viewpoints, easy logistics. Cool climate and scenic tea hills. Town centre can be crowded; traffic on narrow roads; toy train seats need advance booking in peak season. Mixed South Indian and multi-cuisine options; bakeries and small cafes. Nilgiri hills with mix of local communities and long-standing tourism. Flower Show, Tea and Tourism Festival. Standard hill-station etiquette; respect estate property boundaries. Homemade chocolates Tea Essential oils Woollens South Indian tiffin items Local bakery products Fresh hill vegetables-based dishes Long-time favourite hill station with a somewhat busy town but beautiful surroundings. Waste from tourism and traffic is an issue; prefer walking or shared transport where possible."
20,Munnar,10.0889,77.0595,1600,7,8,110,120.0,120,1500,2900,2600,5800,7000,19400,2.0,3.0,4,1,"Munnar Kerala South India Idukki Nature Hill_station Tea_gardens Honeymoon Family Tea plantations Top Station viewpoint Eravikulam National Park (Nilgiri tahr, seasonal closure during breeding) Mattupetty Dam Photo Point Plantation walks Viewpoint drives Short treks Boating at dams Wildlife sighting (Eravikulam) Sweeping carpets of tea gardens and cool misty climate. Less-visited plantations and village roads Smaller waterfalls on side routes Winter Post-monsoon Early Summer Heaviest monsoon weeks for landslides and closed viewpoints Couples Families Nature_lovers Tea_enthusiasts Romantic misty views and resort stays. Tours and tastings at estates and museums. Eravikulam NP closes for several weeks yearly for Nilgiri tahr breeding; check dates. Kerala and multi-cuisine restaurants; many resorts offer buffet meals. Tea plantation economy with mixed local communities. Onam activities, local temple and church festivals. Respect estate rules and avoid disturbing tea plucking work. Tea Spices Homemade chocolates Essential oils Appam with stew Kerala meals on banana leaf Local fish curries (downhill areas) Highly rated for scenic tea hills and cool weather; can be busy on long weekends. Over-tourism and waste near popular viewpoints; support eco-conscious accommodations and avoid littering."
21,Kanyakumari,8.0883,77.5385,0,7,8,90,1.0,90,1300,2500,2250,4500,4600,11500,1.0,2.0,3,0,"Kanyakumari Tamil Nadu South India Kanyakumari Coastal Pilgrimage Photography Short_break Vivekananda Rock Memorial Thiruvalluvar Statue Sunrise Point Sunset View Point Kumari Amman Temple Kanyakumari Beach Sunrise and sunset viewing Ferry ride to Vivekananda Rock Temple visits Coastal walks Photography Watching sunrise and sunset over the ocean at the southern tip of mainland India with rock memorial and statue views.[web:205][web:209] Early-morning beach walks near Sunrise Point Less-crowded stretches of coastline beyond main ghat Winter Post-monsoon Peak monsoon on days of rough sea when ferries may not operate.[web:212] Pilgrims Families Photography_enthusiasts Coastal_sightseers Kumari Amman Temple and other shrines plus rock memorial.[web:212] Sunrise between the memorial and statue and colourful sunsets over the sea.[web:205][web:209] Ferry to Vivekananda Rock is weather-dependent; queues can be long in peak season; strong sun and humidity. South Indian vegetarian restaurants and a few multi-cuisine options around the beach and town. Strong Hindu pilgrimage centre with coastal fishing community. Important Hindu festivals, special temple events and New Year sunrise gatherings. Dress modestly for temple visits; follow temple rules; remove footwear at shrines. Shell crafts and souvenirs Religious items Local spices South Indian tiffin items Fresh coconut-based dishes Local fish preparations (outside temple zones) Highly appreciated for sunrise/sunset views and rock memorial; town itself is compact and walkable. Coastal litter can be an issue; use bins and avoid plastics on the beach."
22,"Rann of Kutch (White Desert, Dhordo)",23.7333,69.8833,15,7,8,80,80.0,80,2300,4200,4500,8800,9000,26500,2.0,2.0,3,1,"Rann of Kutch (White Desert, Dhordo) Gujarat West India Kachchh Desert Cultural Photography Festival Adventure White Salt Desert (White Rann) Rann Utsav Tent City (seasonal) Kala Dungar (Black Hill) Nearby craft villages Sunrise and sunset walks on the salt desert Cultural shows and folk performances Camel cart rides Shopping for local handicrafts Walking on a vast white salt desert that glows under moonlight and sunset during the Rann Utsav.[web:210][web:213] Quieter edges of the White Desert away from main tent-city access points Small artisan villages producing textiles and embroidery Winter (Rann Utsav period) Summer and monsoon when heat is extreme and Rann is waterlogged.[web:213] Festival_goers Photographers Couples Families_seeking_unique_experience Organised tents, shows, food courts and activities at Rann Utsav.[web:210] Surreal white landscapes, colourful local dress and craft.[web:213] Open desert with strong sun and reflection off salt; carry sunglasses and layers for cold nights; permits sometimes required for border-adjacent stretches. Buffet-style dining in tent city and local Gujarati thali options; vegetarian-heavy cuisine.[web:210] Kutch region with strong craft, music and folk dance traditions. Rann Utsav (major multi-month festival), local village fairs.[web:210][web:213] Respect rural community norms; ask before photographing people. Kutchi embroidery Mirrorwork textiles Leather handicrafts Bandhani fabrics Gujarati thali Local snacks like fafda, jalebi Millet-based village dishes Memorable desert and cultural experience; most recommend winter Rann Utsav window for best conditions. Desert ecosystem is fragile; stick to marked paths and follow organiser guidelines for waste disposal."
23,Dhanushkodi (Ghost Town & Beach),9.1531,79.442,0,4,7,170,20.0,20,1150,2400,2300,4700,4100,9700,1.0,1.0,2,1,"Dhanushkodi (Ghost Town & Beach) Tamil Nadu South India Ramanathapuram Coastal History Photography Offbeat Day_trip Ruins of Dhanushkodi ghost town Pristine Dhanushkodi Beach Views towards Sri Lanka across Palk Strait Nearby Pamban Bridge (en route) Beach walks Exploring ruins (church, railway station remains) Jeep rides along sandy stretches (where allowed) Birdwatching Walking through a ghost town destroyed by the 1964 cyclone, with haunting ruins beside a wild seashore.[web:211][web:214] Less-visited stretches of beach away from main parking area Remains of old railway and church structures in quieter corners Winter Post-monsoon Cyclone season and very rough sea conditions; check local advisories.[web:214] History_buffs Offbeat_beach_seekers Photographers Road_trippers_from_Rameswaram Ruins tell a story of a once-thriving town destroyed in 1964 cyclone.[web:214] Contrast of stark ruins and turquoise water.[web:211][web:214] No major accommodation directly in ghost town area; best as day trip from Rameswaram; strong sun and wind; swimming often discouraged due to currents. Few stalls and basic vendors near parking/beach; main dining options back in Rameswaram.[web:214] Coastal Tamil communities with strong religious ties to Rameswaram temple. Pilgrimage circuits via Rameswaram; no major standalone festival at Dhanushkodi. Respect ruins and avoid climbing fragile structures; dress modestly if combined with temple visits. Shell items and small trinkets from local stalls Better shopping options in Rameswaram town Simple South Indian meals in Rameswaram Fresh seafood (where available and appropriate) Atmospheric and slightly eerie; visitors praise the raw beauty and the story of the ghost town. Ruins and beach are fragile; avoid littering and disturbing structures."
24,Chitrakote Falls,18.978,81.7068,290,5,7,40,38.0,38,1150,2300,2200,4500,4000,9500,1.0,1.0,2,1,"Chitrakote Falls Chhattisgarh Central India Bastar Nature Waterfall Photography Offbeat Chitrakote Falls (broad horseshoe-shaped waterfall) Boat rides in calmer seasons (where permitted) Viewpoints along the gorge Waterfall viewing Boat rides (seasonal) Short walks and photography Often called the 'Niagara of India' due to its width, especially in monsoon when flow peaks. Less-used viewpoints offering different angles of the falls Nearby smaller falls and natural spots (local guidance needed) Post-monsoon when flow is high but access is comfortable Extreme monsoon days with potential flooding; peak summer for low flow and heat Nature_lovers Waterfall_chasers Photographers One of India's widest waterfalls with impressive monsoon flow. Dramatic shots in both low and high water seasons. Safety barriers should be respected; do not attempt to get too close to edge; boat operations depend on water level. Basic eateries near falls; more options in Jagdalpur. Bastar region with tribal communities and forest landscapes. Regional fairs and festivals in Bastar; no major festival solely at the falls. Respect local communities and avoid littering natural areas. Tribal handicrafts from Bastar region Local artefacts in Jagdalpur markets Local tribal-inspired dishes (where available) Chhattisgarhi thalis Striking and relatively less crowded waterfall destination, appreciated by nature enthusiasts. Natural site; visitors should ensure they take back their waste and stay behind safety barriers."
25,Gokarna,14.549,74.318,0,6,8,140,10.0,60,1200,2500,2250,4400,3900,11400,2.0,3.0,5,1,"Gokarna Karnataka South India Uttara Kannada Beach Backpacker Pilgrimage Offbeat Gokarna Main Beach Kudle Beach Om Beach Half Moon and Paradise beaches (via treks/boat) Mahabaleshwar Temple Beach hopping and trekking along coast Swimming and sunbathing (conditions permitting) Temple visits Cafe hopping and yoga retreats Quieter alternative to Goa with mix of temple town and backpacker beach culture. Cliff-top viewpoints between Om and Half Moon beaches Small, less-crowded stretches of Kudle and Om Post-monsoon to early summer (October–March) Peak monsoon sea conditions; some beach shacks close off-season Backpackers Budget_beach_travellers Pilgrims_who_enjoy_beaches Yoga_retreat_participants Affordable stays, chilled beach cafes and small community vibe. Mahabaleshwar Temple plus easy access to multiple beaches. Sea conditions can be rough; caution while swimming; some trails between beaches involve steep sections. Mix of coastal Karnataka food and international backpacker menus at beach cafes. Temple town with strong religious traditions coexisting with beach tourism. Shivaratri and other temple festivals draw large pilgrim crowds. Dress modestly in and around temple zones; different culture at beaches vs town. Bead jewellery Hippie-style clothes Religious items Local fish thali (for non-vegetarians) South Indian tiffin Simple coastal curries Considered more peaceful than Goa, with basic but charming beach stays and a temple-town core. Beach litter is an increasing issue; use refills, avoid single-use plastic and support clean-up friendly cafes."
26,Pondicherry (Puducherry),11.9139,79.8145,15,7,8,150,2.0,150,1400,2700,2550,5600,5800,16300,2.0,3.0,4,0,"Pondicherry (Puducherry) Puducherry South India Puducherry Beach Cultural Café_town Short_break French Quarter (White Town) Seafront Promenade Sri Aurobindo Ashram Nearby Auroville (separate township) Rock Beach Cycling/walking in heritage streets Beachfront walks Café and restaurant visits Ashram and Matrimandir (Auroville) visits French-influenced architecture and cafes by the Bay of Bengal, with spiritual centres nearby. Quiet side-streets in White Town Lesser-known cafes and art spaces Winter Post-monsoon Peak summer heat and most intense monsoon days Couples Friends Café_and_food_lovers Weekend_travellers_from_Chennai/Bengaluru Walkable seafront and heritage streets with boutique stays. Strong café scene with European and Indian options. Sea is often rough near Rock Beach (boulders); swimming beaches are a short drive away; Auroville access around Matrimandir is regulated. Mix of French-influenced, continental and South Indian food; strong café and bakery culture. Blend of Tamil and French colonial legacy with spiritual/ashram communities. Standard Indian festivals; occasional cultural events and beach runs. Ashram and Matrimandir require quiet, respectful behaviour and dress. Handmade paper Clothing and boutiques Auroville and ashram products Crepes and baked goods in cafes Fresh seafood at coastal restaurants South Indian meals and filter coffee Relaxed seaside town with European feel in parts; popular weekend and short-break destination. Tourism growth stresses waste systems; support eco-conscious stays and use refillable bottles."
27,Hampi,15.335,76.46,467,8,8,40,13.0,13,1250,2600,2400,5200,4600,13100,2.0,3.0,4,1,"Hampi Karnataka South India Vijayanagara Heritage UNESCO Backpacker Photography Short_trek Virupaksha Temple Vittala Temple (stone chariot & musical pillars) Hemakuta Hill Matanga Hill sunrise/sunset Royal Enclosure and underground structures Heritage site touring by cycle, on foot or auto Short hikes to viewpoints Coracle rides in Tungabhadra (seasonal & local rules) Rock and boulder exploration Ruined capital city set amid surreal boulder-strewn landscape and paddy fields. Sunrise from Matanga or Anjanadri Hill Lesser-known ruins beyond main temple clusters Winter Post-monsoon Peak summer heat; mid-day exploration can be tiring History_lovers Backpackers Budget_travellers Photographers Extensive UNESCO-listed ruins telling story of Vijayanagara empire. Striking rock formations and temple silhouettes at sunrise/sunset. Large area to cover; sun exposure significant; comfortable footwear and hydration essential. Simple cafes and guesthouse restaurants with Indian and some global dishes. Temple town with living religious sites among ruins. Local temple festivals; occasional music and cultural events. Temple etiquette at active shrines; respect sacred areas. Handicrafts Stone souvenirs Textiles South Indian tiffin Simple local thalis Often described as magical; mix of history, nature and relaxed atmosphere. Stick to designated paths; avoid climbing fragile structures not meant for access."
28,Majuli Island,26.95,94.2,85,5,8,20,25.0,20,1100,2200,2200,4500,4000,9500,2.0,3.0,4,1,"Majuli Island Assam Northeast India Majuli Culture Island Offbeat Spiritual Nature Satras (Vaishnavite monasteries) Traditional Mising and Assamese villages Riverine landscapes and birdlife Satra visits and performances Cycling around island roads Village and paddy-field walks Birdwatching Staying on one of the world’s largest river islands with living monastic and village culture. Remote satras with fewer visitors Homestays in stilt houses in villages Winter Post-monsoon Peak monsoon and major Brahmaputra flood periods Culture_seekers Slow_travelers Backpackers Photography_enthusiasts Unique Vaishnavite satra culture and traditional craft. Unhurried island pace with simple homestays. Ferry timings and safety depend on river conditions; basic healthcare and ATMs; erosion changes some areas over time. Simple Assamese meals in homestays and small eateries. Strong Vaishnavite traditions and tribal cultures; mask-making and crafts in some satras. Raas Mahotsav (Raas Lila performances) and other satra festivals. Respect monastic rules; modest dress and quiet behaviour inside satras. Traditional masks Handloom products Local crafts Assamese thali Fish curries Pitha (rice cakes) Praised for calm, culture-rich experiences away from standard tourist circuits. Island is ecologically delicate and eroding; low-impact, respectful tourism is vital."
29,Araku Valley,18.3273,82.875,910,5,8,110,0.0,110,1100,2200,2200,4500,4000,9500,1.0,2.0,3,1,"Araku Valley Andhra Pradesh South India Alluri Sitharama Raju (Araku region) Nature Tribal_culture Hill_station Short_break Araku Valley viewpoints Ananthagiri coffee plantations Borra Caves (nearby) Tribal Museum Valley train ride Viewpoint visiting Coffee estate visits Museum and cultural experiences Scenic hill railway from Visakhapatnam and relaxed valley with tribal cultural elements. Small village walks off main market road Less-known viewpoints on side roads Winter Post-monsoon Peak summer afternoons and heaviest monsoon days Families Train_journey_fans Nature_lovers Short_break_travellers_from_Visakhapatnam Scenic tunnels and viaducts on Vizag–Araku rail route. Valley views, caves and plantations. Weekends and holiday crowds can be significant; advance booking for train recommended in peak periods. Simple Andhra and tribal-influenced dishes; limited but sufficient restaurant options. Tribal communities and coffee-growing populations. Local tribal festivals and occasional cultural programmes. Respect local privacy and ask before photographing people. Locally grown coffee Tribal handicrafts Spices Andhra-style meals Local bamboo chicken (where available) Valley-grown coffee Valued as a peaceful hill trip from Visakhapatnam with a memorable train ride. Litter can accumulate at popular viewpoints; choose eco-conscious operators and avoid single-use plastic."
30,Varkala,8.7379,76.716,20,7,8,45,3.0,45,1300,2500,2250,4900,4400,12400,2.0,3.0,5,1,"Varkala Kerala South India Thiruvananthapuram Beach Cliff_scenery Wellness Backpacker Short_break Varkala Cliff and North Cliff promenade Papanasam Beach Sivagiri Mutt (nearby ashram) Edava lakes and backwater area (short drive) Cliff-top walks Beach time and swimming (conditions permitting) Yoga and Ayurveda treatments Cafe and restaurant visits Beach below dramatic laterite cliffs with a line of cafes and wellness centres on top. Quieter stretches towards Black Beach and beyond Small homestays tucked behind main cliff road Winter Post-monsoon Roughest monsoon seas and heavy rain spells Backpackers Couples Wellness_travellers Budget_beach_holidayseekers Concentration of yoga schools and Ayurveda centres. Affordable stays and sociable cliff-strip atmosphere. Some cliff edges are unguarded; stay away from unstable sections; currents can be strong in water; heed lifeguard flags. Strong cafe culture with Indian and international cuisine; many vegetarian and seafood options. Kerala coastal culture with ashram and temple influence near Sivagiri. Sivagiri pilgrimage and standard Kerala festivals like Onam. Beach wear accepted on cliff/beach; modest dress recommended when visiting temples/ashrams. Beachwear Ayurveda products Handicrafts Kerala fish curry (for non-vegetarians) Appam and stew Fresh coconut-based dishes Seen as a more relaxed, smaller-scale alternative to Goa with cliffs and wellness focus. Cliff erosion and waste are growing concerns; choose eco-friendly stays and minimise plastic use."
31,Havelock Island (Swaraj Dweep),11.968,92.987,0,9,9,60,-1.0,60,2300,5500,4400,10700,9300,28000,2.0,3.0,5,1,"Havelock Island (Swaraj Dweep) Andaman and Nicobar Islands Island Territory South Andaman Beach Honeymoon Diving Family Island Radhanagar Beach (Beach No. 7) Elephant Beach (snorkelling/activities) Kalapathar Beach Neil’s Cove (near Radhanagar) Beach walks and sunset at Radhanagar Snorkelling and scuba diving Sea walking and other water sports (Elephant Beach) Cycling or scooty rides White-sand blue-water beaches including Radhanagar, often rated among Asia’s best beaches, with spectacular sunsets.[web:215][web:216][web:219][web:222] Neil’s Cove lagoon at the far end of Radhanagar Beach.[web:216] Quieter stretches of Kalapathar Beach during early mornings Winter Calm sea months from November to April Peak monsoon and days of rough sea when ferries and water activities may be disrupted.[web:217][web:219] Honeymooners Families Water_sports_lovers Beach_relaxation_seekers Top-rated beaches, scenic sunsets and many resorts in quiet settings.[web:215][web:216] Popular diving, snorkelling and sea-walk destination of Andamans.[web:217][web:218] Ferry tickets between Port Blair and Havelock must be booked in advance in peak season; strict rules on plastic and beach cleanliness. Resort and beachside restaurants with Indian and international menus; fresh seafood popular.[web:217] Mixed settler communities with tourism-driven economy; strong focus on marine conservation. Standard Indian festivals and occasional island-level tourism events. Dress codes relaxed on beaches; avoid alcohol or littering on public beaches. Small souvenir shops Shell and handicraft items Locally-themed T‑shirts Fresh grilled seafood Coconut-based curries Island-style Indian and continental dishes Frequently described as a highlight of Andaman trips thanks to Radhanagar’s beauty and good mix of relaxation and activities. Coral and marine life sensitive to disturbance; choose certified dive operators and avoid touching corals or leaving waste."
32,Neil Island (Shaheed Dweep),11.83,93.05,0,7,9,40,-1.0,40,1800,3800,3400,7200,6500,16700,1.0,2.0,3,1,"Neil Island (Shaheed Dweep) Andaman and Nicobar Islands Island Territory South Andaman Beach Relaxation Photography Snorkelling Short_break Bharatpur Beach Laxmanpur Beach Sitapur Beach Natural Rock Formation Glass-bottom boat rides and snorkelling at Bharatpur.[web:220][web:223] Sunset viewing at Laxmanpur Beach.[web:220][web:223] Sunrise at Sitapur Beach and cycling around island.[web:220][web:223] Casual beach walks and photography Small, laid-back island with multiple beaches offering sunrise, sunset and lagoon experiences in one compact circuit.[web:220][web:223] Quiet interior village roads ideal for cycling.[web:223] Less-crowded stretches of Laxmanpur away from main sunset point Winter Calm sea months November–April Monsoon spells with rough seas and reduced ferries.[web:220] Couples Families Slow_travellers Budget_beach_lovers Unhurried vibe with easy cycling and short distances between spots.[web:220] Sunrise and sunset beaches with fewer crowds than Havelock. Limited nightlife; last ferry timings restrict arrival and departure windows; carry cash. Simple restaurants near beaches serving Indian and some Bengali and seafood dishes.[web:220][web:223] Fishing and farming-based island communities increasingly oriented to tourism. Standard Indian festivals; no very large separate island event. Modest attire away from beaches; respect fishing zones and local property. Basic souvenirs Shell items Local snack stalls Fresh fish curries Bengali-style dishes at Neil Kendra.[web:223] Coconut-based sweets and snacks Rated as quieter and more relaxed than Havelock with beautiful, swimmable beaches and easy half- or full-day tours. Island ecology is fragile; use reef-safe sunscreen, avoid littering and support small local-run stays."
33,Shillong,25.5788,91.8933,1495,7,8,30,100.0,100,1450,2800,2600,5700,5800,16300,1.0,2.0,3,1,"Shillong Meghalaya Northeast India East Khasi Hills Hill_station City_break Music_culture Gateway_destination Ward’s Lake Police Bazaar (market) Shillong Peak and viewpoints Nearby waterfalls and lakes (like Umiam Lake en route) City walks and cafes Market shopping Short drives to viewpoints and nearby falls Compact hill city often called the 'Scotland of the East' with strong music scene and as a base for wider Meghalaya trips.[web:221][web:224] Local cafes and live-music venues Quiet neighbourhood walks away from main market Winter Post-monsoon Heaviest monsoon spells with intense rainfall and fog Families Young_travellers Music_and_cafe_lovers Travellers_heading_to_Cherrapunji/Dawki Practical and pleasant base at start or end of Meghalaya itinerary.[web:221] Known for indie bands, cafes and youth culture. Traffic congestion in peak hours; book stays near areas of interest to reduce commute. Wide variety of North Indian, Chinese, fast food and some Khasi cuisine; many cafes. Predominantly Khasi with matrilineal traditions and strong church presence. Christmas celebrations, local cultural festivals and music events. Respect church spaces and local norms; dress modestly when visiting religious or traditional areas. Warm clothes and fashion in Police Bazaar Local crafts and souvenirs Jadoh (rice and meat dish) Local pork preparations Street snacks at markets Appreciated as a pleasant hill base with urban comforts before/after exploring Meghalaya’s nature spots. Urban waste and traffic pollution are concerns; prefer walking and shared cabs where possible."
34,Cherrapunji & Mawsmai Area (Sohra region),25.27,91.73,1430,8,8,60,150.0,55,1550,3200,2800,6000,5500,14500,1.0,2.0,3,1,"Cherrapunji & Mawsmai Area (Sohra region) Meghalaya Northeast India East Khasi Hills Waterfalls Caves Rain_destination Short_treks Nohkalikai Falls Seven Sisters Falls (seasonal flow) Mawsmai Cave Viewpoints over Bangladesh plains Waterfall viewpoint visits Cave walks (easy sections at Mawsmai) Short hikes to viewpoints Monsoon rain experience (with care) Extremely high rainfall region with dramatic cliffs, waterfalls and caves overlooking lowlands of Bangladesh.[web:221][web:224] Less crowded viewpoints off main road Small local homestays with valley views Post-monsoon and winter for clear views; monsoon for intense waterfall volume if prepared for rain.[web:224] Days of extreme rainfall and landslide warnings. Very foggy days if priority is views. Waterfall_chasers Nature_lovers Monsoon_experience_seekers Photographers Multiple large falls visible from accessible viewpoints. Legendary rainfall and lush greenery. Carry good rain gear, non-slip footwear and be cautious near cliff edges; some viewpoints and caves may close in hazardous weather. Basic to mid-range eateries offering Indian and some local Khasi dishes. Khasi communities with matrilineal traditions and close relationship to land. Local festivals and church events; nature is the main attraction. Respect church and village spaces; avoid loud behaviour near religious and community areas. Basic souvenirs Local spices and oranges (in season) Jadoh and Khasi pork dishes Local teas and snacks Loved for its dramatic landscapes and waterfalls; some find constant rain challenging but rewarding. High rainfall system is sensitive to pollution; carry back waste and use eco-friendly products."
35,Dawki & Shnongpdeng,25.2,92.02,150,7,7,90,170.0,80,1850,3800,3200,6200,5600,13200,1.0,1.0,2,1,"Dawki & Shnongpdeng Meghalaya Northeast India West Jaintia Hills River Adventure Camping Photography Umngot River at Dawki and Shnongpdeng (crystal-clear water)[web:221] Boating and kayaking stretches Border town views towards Bangladesh Crystal-clear river boating Kayaking, snorkelling and cliff jumping with operators Camping by riverside (seasonal) Short walks and suspension bridge views Boat rides on clear river where boats appear to float on air in good conditions, with camping options along riverbank.[web:221] Early-morning boat rides before crowds Less busy camps slightly away from main Dawki bridge zone Post-monsoon to winter when water is clearest (roughly November–February).[web:221] Peak monsoon when river can be muddy and water levels/flow risky. Very crowded holiday weekends if seeking quiet. Adventure_seekers Friends_groups Campers Photographers Cliff jumps, kayaking and camping packages. Clear-water boat visuals and riverside landscapes. Water-sport safety gear and certified operators are essential; river conditions can change quickly; border area regulations apply. Simple local stalls and food at camps; more variety in Shillong. Border-area Khasi villages with river-based livelihoods. Occasional local events; main draw is nature and activities. Respect village property and river cleanliness; avoid loud music late at night in camp areas. Small souvenirs Local snacks Simple rice and meat/fish thali from local eateries Local tea and snacks Famous for ‘glass-clear’ river views; some note crowding on busy days but still consider it a must-see. Increasing tourist pressure on river; avoid plastics and follow operator rules to keep water clean."
36,Krang Suri Falls,25.34,92.25,800,6,7,90,180.0,30,1300,2700,2400,4900,4200,9900,1.0,1.0,1,1,"Krang Suri Falls Meghalaya Northeast India West Jaintia Hills Waterfall Swimming Day_trip Photography Turquoise-blue plunge pool Curtain-like waterfall with viewing platforms Guided swimming in designated safe area (with life jackets where allowed).[web:224] Photography from walkways and viewpoints.[web:224] Picnics and relaxation near falls Striking turquoise waterfall pool that looks almost unreal in sunlight, reached via a scenic trail and steps.[web:224] Early-morning visits with fewer crowds and best light.[web:224] Post-monsoon and winter for clearer water and safe access.[web:224] Periods of very heavy rain or unsafe flow when access may be restricted.[web:224] Waterfall_chasers Photographers Friends_groups Considered one of Meghalaya’s prettiest falls with easily accessible viewpoints.[web:224] Turquoise pool and misty spray create dramatic visuals. Steps and paths can be slippery; follow all safety boards and use lifejackets where required; check local conditions before planning swim-focused trips. Small stalls and basic eateries near parking; carry snacks and water. Falls are in Jaintia region with local communities managing some facilities. No major standalone festival; visited as scenic nature spot. Follow local rules, especially regarding swimwear and behaviour around families. Local snacks from stalls Basic souvenirs from nearby markets Simple rice plates and snacks from local eateries Frequently mentioned as a favourite waterfall in Meghalaya for its colour and atmosphere. Keep the pool and surroundings clean; avoid soaps and shampoos in water and carry trash back out."
37,Rishikesh,30.0869,78.2676,372,9,8,20,0.0,25,1350,2900,2600,5700,5200,17000,2.0,3.0,5,0,"Rishikesh Uttarakhand North India Dehradun Spiritual Adventure Yoga Weekend_getaway Laxman Jhula and Ram Jhula areas Ganga Aarti ghats Beatles Ashram (Chaurasi Kutiya) Nearby rafting stretches on Ganga Ganga Aarti participation Yoga and meditation courses River rafting and camping (seasonal) Cafe hopping with Ganga views Yoga capital on the banks of the Ganga with both spiritual retreats and adventure rafting in one base. Quiet riverside ashrams away from main market Small viewpoints on trails towards waterfalls like Neer Gaddu Winter Spring Post-monsoon Peak monsoon for rafting safety issues; hottest May afternoons for outdoor activities Backpackers Spiritual_seekers Adventure_travellers Wellness_tourists Many ashrams and satsangs along the river. Rafting, camping and short treks nearby. Some zones predominantly vegetarian and alcohol-free; rafting is seasonal and subject to river safety norms. Vegetarian-heavy with many cafes offering global health foods and traditional Indian meals. Spiritual pilgrimage town with mix of long-stay seekers and short-term tourists. Yoga festivals, Ganga-related religious festivals, and seasonal fairs. Conservative dress recommended at ghats/ashrams; remove footwear at temples and some ashram areas. Spiritual books and items Yoga clothing Handicrafts Local thali Street-side chaat Cafe-style healthy bowls Popular among both backpackers and families; many stay longer than planned due to relaxed vibe. Ganga cleanliness is crucial; avoid plastic, use designated ghats and follow local eco-guidelines."
38,Haridwar,29.9457,78.1642,314,8,8,35,0.0,25,850,1800,1650,3800,3600,10400,1.0,2.0,3,0,"Haridwar Uttarakhand North India Haridwar Pilgrimage Spiritual Gateway_destination Har Ki Pauri ghat Ganga Aarti Temples along riverfront Local bazaars Taking dips in Ganga at designated ghats Attending evening Aarti Temple visits Shopping for religious items and sweets Major Hindu pilgrimage city where the Ganga enters plains, with large daily Aarti and Kumbh Mela at intervals. Quieter ghats slightly away from Har Ki Pauri Old city lanes with traditional shops Winter Post-monsoon Peak summer heat and extremely crowded festival days unless specifically targeting them Pilgrims Families_on_religious_trips First_time_Ganga_visitors Important Ganga and Kumbh site with many ashrams and temples. Iconic Aarti and easy river access at multiple ghats. Very crowded during big festivals; keep belongings secure and follow police/volunteer instructions near ghats. Largely vegetarian with street snacks, sweets and North Indian meals. Deeply religious city with constant pilgrim footfall. Kumbh Mela (periodic), Kanwar Yatra, Diwali and other major Hindu festivals. Dress modestly, remove footwear before entering temples, and respect queuing systems and Aarti protocols. Religious items and rudraksha Sweets and snacks Brassware Kachori and puri-sabzi Local sweets like peda and jalebi Powerful spiritual atmosphere noted by many; some feel crowds and noise can be overwhelming in peak times. River pollution a concern; avoid plastic offerings and use designated bins."
39,Varanasi (Kashi),25.3176,82.9739,80,10,7,25,0.0,120,1150,2800,2500,5500,5100,16000,2.0,3.0,5,0,"Varanasi (Kashi) Uttar Pradesh North India Varanasi Pilgrimage Spiritual Heritage Photography Dashashwamedh and Assi Ghats Ganga Aarti Kashi Vishwanath Temple corridor Boat rides on Ganga Old city lanes Sunrise/sunset boat rides Evening Aarti at main ghats Temple darshan Heritage and food walks One of the world’s oldest living cities with intense spiritual rituals along Ganga ghats and maze-like old lanes. Smaller ghats away from Dashashwamedh crowd Local breakfast and chaat joints in narrow lanes Winter Post-monsoon Hottest months (May–June) and times of extreme flood or festival crowds if you dislike crowds Spiritual_seekers Photographers Culture_lovers First_time_India_travellers Non-stop rituals and Aartis along ghats. Faces, rituals, ghats and boats create iconic frames. Old city lanes are narrow and crowded; keep valuables secure; respect photography etiquette, especially around cremation ghats. Street food (chaat, kachori, lassi), mithai shops and sit-down restaurants offering North Indian and some international options. Core Hindu pilgrimage city with centuries-old traditions and scholarship. Dev Deepawali, Diwali, Holi, Ganga Mahotsav and more. Dress modestly, remove footwear at temples and be mindful at cremation ghats. Banarasi silk sarees Wooden toys and handicrafts Religious items Kachori-sabzi breakfast Banarasi paan Lassi and local sweets Described as intense and unforgettable; many find it transformative despite congestion. Ganga cleanliness and ghats’ waste management are key; avoid plastic and use authorised boats."
40,Amritsar,31.634,74.8723,234,9,8,11,0.0,80,1150,2700,2400,5400,5000,15700,2.0,2.0,3,0,"Amritsar Punjab North India Amritsar Spiritual History Food Weekend_getaway Golden Temple (Harmandir Sahib) Wagah/Attari Border ceremony Jallianwala Bagh memorial Old city bazaars Golden Temple darshan and langar Evening border flag ceremony visit Heritage and food walks in old city 24-hour open Golden Temple complex with community kitchen feeding thousands daily, combined with patriotic Wagah Border ceremony. Quiet corners of sarovar at off-peak hours Small traditional eateries in old lanes Winter Post-monsoon Hottest months (May–June) for mid-day sightseeing; foggy winter mornings for long drives Families Pilgrims Food_lovers First_time_North_India_visitors Famous for Amritsari kulcha, lassi, fish and other Punjabi dishes. Golden Temple’s spiritual atmosphere and sewa culture. Head coverings required inside Golden Temple; security checks at border ceremony; crowds around festival times. Rich Punjabi cuisine from dhabas to sit-down restaurants; vegetarian and non-vegetarian options. Strong Sikh heritage mixed with Punjabi urban culture. Gurpurab celebrations, Baisakhi, Diwali at Golden Temple and national days at border. Cover head, remove shoes and wash feet before entering temple complex; maintain silence and decorum. Phulkari embroidery Punjabi juttis Religious items and souvenirs Amritsari kulcha Chole bhature Lassi Amritsari fish (non-veg) Golden Temple experience is often called deeply moving; food and hospitality are highly praised. Litter in busy markets can be an issue; use waste bins and support establishments with sustainable practices."
41,Kanatal,30.45,78.32,2600,5,8,80,75.0,40,1450,2900,2600,5700,5200,20100,2.0,3.0,5,1,"Kanatal Uttarakhand North India Tehri Garhwal Offbeat_hill Nature Short_break Workation Apple orchards and forest walks Views towards snow peaks (on clear days) Nearby Surkanda Devi Temple Easy hikes and village walks Camping and bonfires (in season) Short drives to viewpoints Quiet hill hamlet above Mussoorie with orchards and limited commercialisation, popular as a peaceful workation spot.[web:228][web:232] Forest trails around Kanatal ridge Small homestays with valley-facing sit-outs Spring Summer Autumn Snow spells in winter (road permitting).[web:228] Days of heavy snowfall or landslide alerts in peak winter and monsoon.[web:228] Couples Remote_workers Nature_lovers Families_seeking_quiet Cabin-style stays and fewer crowds than Mussoorie.[web:228] Forest, orchards and mountain views without big-town noise. Limited nightlife and shopping; roads can be foggy; carry essentials and cash. Mostly in-house meals at stays and a few dhabas; simple North Indian and Garhwali food. Garhwali villages with traditional hill lifestyle. Local temple fairs; main draw is calm nature. Respect village privacy and temple norms; ask before entering orchards. Local pulses and grains Simple handicrafts (more options in Mussoorie/Tehri area) Garhwali dal and mandua-based dishes Simple homely thalis Praised as a peaceful, less commercial alternative to bigger hill stations with good scope for doing nothing. Limited waste systems; carry your trash back and conserve water and electricity."
42,Binsar,29.7,79.77,2400,6,8,140,120.0,30,1800,3500,3100,6500,5900,13000,2.0,3.0,5,1,"Binsar Uttarakhand North India Almora Offbeat_hill Wildlife Birding Workation Binsar Wildlife Sanctuary viewpoints Zero Point trek Panoramic views of Nanda Devi and other peaks (on clear days) Short treks and forest walks Birdwatching Sunrise/sunset mountain viewing Staying inside or near a forest sanctuary with dense oak–rhododendron woods and Himalayan peak views from ridges.[web:232] Early-morning walks to quieter viewpoints inside sanctuary Small village trails below the main ridge Autumn Winter (for clear views) Spring (for blooms).[web:232] Peak monsoon when leeches and slippery trails are common; heavy snowfall spells if roads close. Birders Writers_and_remote_workers Nature_lovers Families_seeking_quiet Forest habitat with many Himalayan bird species.[web:232] Tranquil atmosphere with some stays offering Wi‑Fi. Entry fee for sanctuary; limited shops inside—most stays are semi-all-inclusive for meals; nights can be very quiet. Mostly in-house food at lodges/homestays; Kumaoni dishes plus simple North Indian. Kumaoni hill culture with small villages and terrace farming. Local hill festivals in nearby towns; Binsar itself is nature-focused. Keep noise low in forest; respect village privacy. Local woollens and handloom (buy in Almora) Hill pulses and grains Bhatt ki churkani Aloo ke gutke and simple Kumaoni thali Frequently described as serene and forested, ideal for birders and those escaping crowds. Inside a protected area—stay on trails, avoid loud music and minimise plastic waste."
43,Munsiyari,30.07,80.24,2200,6,7,320,280.0,130,1500,2900,2600,5700,5200,19900,3.0,4.0,7,2,Munsiyari Uttarakhand North India Pithoragarh Offbeat_hill Trekking_base Mountain_views Adventure Panchachuli peak views Khaliya Top trek Base for Milam and Ralam glacier treks Day hikes and multi-day treks Village walks Birding and photography Front-row views of snow-clad Panchachuli range from a quiet Kumaon town known as a trekkers’ base.[web:229] Sunrise and sunset viewpoints around Khaliya Top ridge Small local hot springs and village trails Spring Summer Autumn (for clear mountain views). Peak monsoon and heavy snowfall periods when roads and high trails may close.[web:229] Trekkers Mountain_photographers Offbeat_seekers Gateway to glaciers like Milam and Ralam plus closer treks like Khaliya.[web:229] Dramatic views of Panchachuli from easily accessible viewpoints. Long travel time; limited medical facilities for serious emergencies; acclimatisation to cooler temps recommended. Local eateries and in-house kitchens; Kumaoni and North Indian dishes. Traditional Kumaoni villages with high-mountain lifestyle. Local fairs; main focus is mountain and trekking culture. Ask before photographing locals; respect village boundaries and fields. Local woollens Handicrafts Kumaoni dal–bhaat with seasonal greens Local bhatt-based dishes Rated as one of Uttarakhand’s most scenic offbeat bases with big-mountain feel but basic infrastructure. Remote fragile region; carry back trash and use local guides to support community economy.
44,Chakrata,30.7,77.87,2100,5,8,115,90.0,90,1450,2800,2600,5200,4700,15800,2.0,3.0,4,1,"Chakrata Uttarakhand North India Dehradun Offbeat_hill Nature Weekend_getaway Light_adventure Deoban forest viewpoints Tiger Falls (nearby) Village and ridge walks Nature walks and birding at Deoban Short treks to waterfalls and viewpoints Camping and bonfires (in season) Quiet cantonment hill town with deodar forests and expansive Himalayan views from Deoban on clear days.[web:232] Less-used forest paths around Deoban Small homestays in villages around Chakrata Spring Summer Autumn Peak monsoon and heavy snowfall days when roads get risky.[web:232] Weekend_travellers_from_Delhi Families Birders_and_nature_lovers Offbeat alternative to crowded Mussoorie with similar travel time.[web:232] Deoban forest ecosystems and quiet ridges. Limited big-town facilities; some areas inside cantonment have restricted access; fuel and ATMs mainly in gateway towns. Local dhabas and in-house kitchens serving simple Indian food. Garhwali villages with military presence in cantonment area. Local fairs; nature remains the main draw. Respect cantonment rules and village boundaries. Very limited souvenir options; better shopping in Dehradun Simple hill thali and fresh seasonal vegetables Well-liked as a quiet, old-world hill station without big malls or crowds. Forest and village environments are sensitive; avoid loud music and litter."
45,Kanha National Park,22.33,80.61,600,8,9,165,145.0,165,3900,7300,7100,13000,11900,30500,2.0,3.0,5,1,"Kanha National Park Madhya Pradesh Central India Mandla / Balaghat Wildlife Tiger_safari Nature Photography Core safari zones (Kanha, Kisli, Mukki, Sarhi) Sal and bamboo forests with meadows Barasingha (hard-ground swamp deer) conservation success Morning and evening jeep safaris (permit-based) Nature walks in buffer zones (where allowed) Village and tribal-culture visits Large, biodiverse tiger reserve known for regular tiger and barasingha sightings, considered among top safari parks in India.[web:230] Less-crowded safari zones depending on season Birding around meadows and waterbodies October–June with peak sightings often Feb–May.[web:230] Monsoon closure when core park is shut (typically July–September).[web:230] Wildlife_photographers Families_with_interest_in_nature First_time_tiger_safari_travellers High tiger density plus diverse habitats and species.[web:230] Well-organised infrastructure and guides. Safari permits must be booked well in advance for core zones; strict park rules on noise and behaviour. Mostly in-lodge buffets or set menus with Indian and some continental dishes. Gond and Baiga tribal communities around buffer zones. Local tribal and village fairs; park itself follows seasonal safari calendar. Respect local communities and avoid intrusive photography. Wildlife-themed souvenirs at some lodges Local crafts in village shops Simple MP thali at lodges or dhabas Frequently ranked as a favourite tiger park for its landscapes and responsible tourism model. Stick to official safaris; avoid off-trail activities and insist on eco-friendly lodge practices."
46,Ranthambore National Park,26.02,76.5,350,9,9,160,10.0,170,3800,7100,6900,13700,12700,35300,2.0,3.0,4,0,"Ranthambore National Park Rajasthan North India Sawai Madhopur Wildlife Tiger_safari Heritage Short_break Core safari zones 1–10 Ranthambore Fort within park Lakes with ruins where tigers often appear Jeep/canter safaris Fort and temple visits (as per rules) Village walks and handicraft shopping Iconic tiger reserve where big cats are often seen near ancient ruins and lakes, part of popular Golden Triangle extensions.[web:230][web:233] Less famous safari zones with good sightings but fewer vehicles Sunset views from fort area (as permitted) October–April; hot months can be excellent for sightings near water.[web:230] Monsoon closure July–September.[web:230] First_time_safari_goers Golden_Triangle_travellers Wildlife_photographers High chance of tiger sightings plus good tourist infrastructure.[web:230] Easy add-on to Delhi–Agra–Jaipur circuits.[web:233] Safari allocations by zone; book early and avoid expecting specific tigers; follow guide instructions strictly. Primarily resort restaurants with Rajasthani and North Indian menus. Rajasthani rural communities around buffer; folk arts and crafts. Local fairs and religious festivals; special safari demand around holidays. Dress modestly in villages; tip guides and drivers responsibly rather than pushing for rule-breaking. Wildlife art Rajasthani textiles Local handicrafts Dal baati churma Local kadhi and sabzis Highly popular; many report memorable tiger sightings against ruined-palace backdrops. Choose operators and lodges prioritising conservation and low-noise safaris."
47,Bandhavgarh National Park,23.69,81.0,620,8,9,170,35.0,170,3900,7300,7100,13000,11900,28500,2.0,3.0,5,1,"Bandhavgarh National Park Madhya Pradesh Central India Umaria Wildlife Tiger_safari Photography Tala, Magadhi, Khitauli and newer zones High tiger density in core Bandhavgarh Fort and hill (restricted access zones) Jeep safaris Nature walks in buffer (where permitted) Village experiences One of India’s best-known high-density tiger reserves, often recommended for focused tiger photography tours.[web:230][web:233] Buffer zones with fewer vehicles but rich habitat Birding around waterbodies on park fringes October–June; hottest months increase chances at water holes.[web:230] Monsoon closure July–September.[web:230] Serious_wildlife_photographers Repeat_safari_travellers Nature_lovers High encounter rates with tigers across zones.[web:230] Complements Kanha, Pench and other MP parks in circuit.[web:233] High demand for prime zones in season; book safaris well in advance and be prepared for early morning wake-ups in cooler weather. Lodge-based dining with Indian and some continental dishes. Rural MP villages with strong connection to forest landscape. Local festivals; some lodges host nature and photography workshops. Respect village life; do not pressure guides to break rules for closer sightings. Wildlife souvenirs Local crafts via community shops Simple village-style MP thalis Known for intense tiger encounters, with many praising guide skills and photographic opportunities. Opt for fewer but longer trips rather than many short safaris; support lodges employing local staff."
48,Tadoba Andhari Tiger Reserve,20.26,79.37,220,8,9,140,45.0,140,3900,7300,7100,13000,11900,28500,2.0,3.0,4,1,"Tadoba Andhari Tiger Reserve Maharashtra West India Chandrapur Wildlife Tiger_safari Photography Core zones like Moharli, Tadoba, Kolsa–Zari, Navegaon Large lake and mixed teak forest Good big-cat and wild-dog sightings Jeep safaris Boat safaris in some buffer waterbodies (subject to rules) Night drives in certain buffer zones (if permitted) Well-known for high probability of tiger sightings, accessible from Nagpur with diverse landscapes and water reservoirs.[web:230] Less-visited gates with fewer vehicles but strong wildlife presence Birding around wetland habitats October–June; best views often in dry months when animals visit water.[web:230] Monsoon closure July–September.[web:230] Quick_safari_from_Nagpur Wildlife_photographers Families_who_enjoy_wildlife Just 2 hours from airport, suitable for shorter wildlife trips.[web:230] High sighting odds in core zones and diverse species. Heat can be intense in April–May; choose early-morning safaris and adequate hydration. In-resort dining with Maharashtrian and North Indian food. Vidarbha rural communities; some areas with strong forest dependence. Local village festivals; park focuses on safari season cycle. Be respectful when visiting villages; avoid flashy photography of people without consent. Basic souvenirs from lodges Local snacks and sweets en route Spicy Maharashtrian sabzis and bhakri Regularly mentioned for reliable tiger sightings and convenient access from Nagpur. Stick to eco-sensitive lodges, support community guides and minimise plastic use."
49,Lakshadweep (Agatti–Bangaram–Kadmat circuit),10.83,72.19,0,7,9,0,-1.0,460,4900,10700,9200,18000,15500,33000,4.0,5.0,7,2,"Lakshadweep (Agatti–Bangaram–Kadmat circuit) Lakshadweep Island Territory Union Territory Islands Island Beach Diving Honeymoon Offbeat Agatti Island beaches and lagoon Bangaram Island (often via permits/packages) Kadmat Island for water sports and reefs Kalpeni/Kavaratti side trips depending on itinerary Snorkelling, scuba diving and kayaking in lagoons Lagoon boat rides and reef walks Beach relaxation and low-key cycling/walks Tropical atolls with turquoise lagoons and vibrant coral reefs that remain far less crowded than other Indian beach destinations.[web:231][web:234] Uninhabited islets near Kalpeni such as Tilakkam, Pitti and Cheriyam (visited via authorised trips).[web:234] Quiet sunrise/sunset spots on narrow sand spits of Kadmat/Bangaram Dry, calm-sea months from October–March; some itineraries also run through April.[web:231][web:234] Southwest monsoon (rough seas, limited access) and cyclone-alert periods.[web:231] Honeymooners Divers_and_snorkellers Quiet_beach_seekers Pristine, uncrowded islands and limited outside distractions.[web:231] Healthy coral reefs and clear lagoons around islands like Kadmat and Bangaram.[web:231][web:234] Entry permits and package bookings via authorised operators are mandatory; alcohol availability extremely restricted; cultural sensitivity important. Resort and camp kitchens serving South Indian, seafood and simple continental dishes.[web:231] Predominantly Muslim island communities with conservative norms; tourism is tightly regulated. Local Islamic festivals; tourism structured more by season than by events. Dress modestly away from resort beaches; respect no-alcohol norms and local prayer times. Coir products Shell crafts (ensure they are legally sourced) Packaged coconut and fish products Fresh fish fries and curries Coconut-rich island dishes Traditional Malabari-influenced snacks Often described as stunning and serene, with special praise for water clarity and reefs but acknowledgment of higher costs and permit complexity. Coral islands are extremely fragile—use reef-safe sunscreen, never touch corals, and follow strict no-litter rules."
50,Kalpeni Island (Lakshadweep),10.07,73.65,0,5,9,150,-1.0,380,3900,8600,7100,13500,12200,25500,2.0,2.0,4,2,"Kalpeni Island (Lakshadweep) Lakshadweep Island Territory Union Territory Islands Island Water_sports Offbeat Beach Wide shallow lagoon with clear waters Unique shoreline shaped by coral debris Nearby uninhabited islets like Tilakkam, Pitti, Cheriyam accessible by authorised trips Kayaking, sailing and reef walks Snorkelling and basic diving experiences (where offered) Beach walks and sunrise/sunset watching Lagoon-focused island dubbed a ‘lagoon of wonders’ with shallow, wide lagoons ideal for non-swimmers and gentle water activities.[web:231][web:234] Boat trips to close-by tiny islets with pristine sandbars.[web:234] Quiet night skies with minimal light pollution October–March when seas are calmer and lagoons easily accessible.[web:231][web:234] Monsoon and stormy periods when boat connectivity and activities are restricted.[web:231] Families_with_kids Soft_adventure Offbeat_island_lovers Shallow lagoons and gentle water-based activities suited to beginners.[web:234] Less-visited than flagship islands like Bangaram/Kadmat. Part of tightly controlled Lakshadweep tourism; must travel with approved packages; respect conservative local culture. Set meals within packages, featuring South Indian staples and fresh seafood.[web:231] Small Muslim island community with traditional lifestyle. Local religious observances; tourism is quiet and nature-focused. Dress modestly away from tourist-beach areas; follow island administration guidelines. Very limited; small local shops for essentials only Island fish curries with coconut Local snacks served at tourist huts Appreciated for peaceful lagoons and uncrowded feel; often called a hidden gem within an already offbeat archipelago. Reefs and islets are extremely fragile—strictly avoid litter, coral contact and unsupervised exploration."
51,Jaisalmer (Thar Desert & Fort Town),26.9157,70.9083,225,9,8,15,2.0,280,1650,3500,3000,6500,6300,21200,2.0,3.0,4,1,"Jaisalmer (Thar Desert & Fort Town) Rajasthan West India Jaisalmer Desert Heritage Photography Festival Jaisalmer Fort (living fort with havelis and temples) Patwon Ki Haveli and other mansions Sam and Khuri sand dunes (camel and jeep safaris) Gadisar Lake Fort and haveli walks Camel/jeep safaris with dune sunset Overnight desert camping Shopping for textiles and handicrafts Golden sandstone fort city rising from Thar Desert with dune safaris and stargazing at desert camps.[web:238][web:241] Less-touristy Khuri dunes vs busier Sam Quiet inner lanes and rooftop viewpoints in the fort Winter and post-monsoon (October–March). Peak summer for extreme heat; occasional dust storms; check festival crowd levels if seeking quiet.[web:238] Couples Friends_groups Photography_enthusiasts Culture_lovers Golden fort, blue skies, dunes and desert night skies. Folk music, dance and desert festival events with camel races and competitions.[web:235][web:238][web:241] Desert nights can get cold in winter; advanced booking needed for festival period; choose ethical camel operators. Rajasthani thalis, local snacks and rooftop restaurants with fort views. Desert trading and warrior heritage with strong folk-art traditions. Jaisalmer Desert Festival in February with camel races, folk performances, turban tying, moustache and Mr Desert contests.[web:235][web:237][web:238][web:241] Dress modestly in old town; remove shoes at temples; tip folk performers fairly. Mirror-work textiles Camel-leather items Rajasthani jewellery and puppets Dal baati churma Ker sangri Gatte ki sabzi Often described as a highlight of Rajasthan for its fairy-tale fort and desert experiences; some find festival crowds intense but enjoyable. Desert ecosystem is fragile; avoid littering dunes and support camps that manage waste and limit water use."
52,Kutch Interior Circuit (Bhuj–Mandvi–Villages),23.25,69.67,60,6,8,5,5.0,0,1750,3800,3500,6900,6400,14600,3.0,4.0,6,1,"Kutch Interior Circuit (Bhuj–Mandvi–Villages) Gujarat West India Kachchh Cultural Desert_coastal Handicrafts Road_trip Bhuj old town and palaces Mandvi beach and Vijay Vilas Palace Craft villages (Bhujodi, Nirona, Hodka, etc.) Kala Dungar hill and nearby desert landscapes Handicraft village visits and shopping Beach walks at Mandvi Short hikes/drives to viewpoints Local food exploration Mix of palaces, coastal beaches and famous artisan villages producing textiles, Rogan art and embroidery, complementing White Rann visits.[web:210] Lesser-known craft villages where you can watch artisans at work Quiet stretches of Mandvi beach beyond main crowd Winter and Rann Utsav period (October–March). Peak summer afternoons and humid monsoon days; some craft activity slows in extreme weather.[web:210] Handicraft_shoppers Culture_lovers Road_trippers Direct-from-artisan buying in weaving, Rogan art and embroidery villages.[web:210] Easy loops Bhuj–Mandvi–villages–Kala Dungar with desert and coastal scenery. Homestays and village stays may have simpler amenities; modest dress appreciated in rural areas. Gujarati thalis, snacks and local coastal dishes; simple village meals in homestays. Strong craft traditions and Kutchi cultural identity with Hindu and Muslim artisan communities. Overlap with Rann Utsav and local fairs; Navratri and other Gujarati festivals widely celebrated.[web:210] Ask before photographing artisans; buy directly where possible to support livelihoods. Kutchi embroidery and textiles Rogan art paintings Bandhani, shawls and stoles Gujarati thali Kutchi Dabeli Local sweets like mawa-based desserts Appreciated as a rich cultural extension to White Rann trips, especially for handicraft and heritage lovers. Respect artisans’ time and avoid heavy bargaining for handwork; carry your own bottle and minimise plastic in villages."
53,Coorg (Kodagu),12.42,75.74,1150,8,8,140,95.0,115,1650,3700,3300,7200,6600,20700,2.0,3.0,5,1,"Coorg (Kodagu) Karnataka South India Kodagu Coffee_estates Hill_station Nature Family Honeymoon Coffee and spice plantations Abbey Falls (seasonal strength) Raja’s Seat viewpoint in Madikeri Dubare elephant camp (nearby) Coffee estate tours and tastings Plantation walks and birding Short treks and viewpoints River activities near Dubare (seasonal, regulated) Staying amid coffee estates, waking to misty Western Ghats views and learning about coffee from bean to cup.[web:239][web:242] Smaller estates offering owner-led tours like Hematala, Karagunda and Mercara Gold.[web:239] Less-crowded viewpoints away from main Madikeri town Post-monsoon to winter (October–February) for clear views; monsoon for lush greenery if okay with rain.[web:240] Hottest pre-monsoon days for mid-day outings; peak heavy-rain spells if you dislike constant showers.[web:240] Coffee_lovers Families Couples Nature_enthusiasts Estate stays and detailed tours at estates like Mercara Gold, Tata Coffee and others.[web:239] Misty hills, forests and abundant birdlife.[web:242] Estate roads can be narrow; leeches present on forest trails in monsoon; book experiences directly with estates where possible. Kodava cuisine in some homestays plus Karnataka and multi-cuisine options; strong filter coffee culture. Kodava warrior-farmer culture with unique festivals and customs. Local Kodava festivals, Cauvery-related rituals and coffee harvest periods. Respect estate rules; ask before entering fields or photographing workers. Locally grown coffee beans and powder Spices and homemade chocolates Coorg honey and pickles Pandi (pork) curry for non-vegetarians Akki roti and Kadambuttu (rice-based dishes) Traditional Coorg-style chicken and bamboo shoot preparations Frequently rated as one of South India’s favourite hill/plantation getaways for its greenery and coffee culture. Plantation ecosystems rely on shade trees and biodiversity; support estates using sustainable practices and minimise plastic."
54,Wayanad,11.61,76.08,900,7,8,100,85.0,85,1650,3700,3300,7200,6600,20700,2.0,3.0,5,1,"Wayanad Kerala South India Wayanad Hill_station Plantations Wildlife Waterfalls Family Tea/coffee and spice estates Banasura Sagar Dam and viewpoints Edakkal Caves (prehistoric rock art) Soochipara and Meenmutty Falls (seasonal flow) Estate stays and walks Short treks and view points Waterfall visits (seasonal, with caution) Wildlife safaris in nearby Wayanad forests (regulations apply) Blend of plantations, ancient caves and forested hills with many homestays and eco-resorts. Small view points off main roads Less-crowded estate homestays away from tourist clusters Post-monsoon to winter (October–February) and early monsoon for greenery.[web:240] Heaviest monsoon days due to landslide and waterfall-risk alerts, especially in Ghat sections.[web:243] Families Couples Nature_lovers Road_trippers_from_Kerala/Karnataka Abundant greenery, falls and viewpoints with flexible difficulty. Scenic Ghat drives from multiple gateways.[web:243] Check IMD and local alerts for landslides/floods in peak monsoon; some trails and caves may close during bad weather.[web:240][web:243] Kerala meals, Malabar cuisine and resort buffets; many places offer both veg and non-veg options. Mix of Kerala hill communities and tribal populations with agricultural base. Local temple and church festivals; monsoon and Onam periods have special festivities. Respect tribal village boundaries and ask before entering/photographing. Spices and tea/coffee Handicrafts and honey Local chocolates Kerala meals on banana leaf Malabar biryani Fish curries and appam–stew Seen as a calmer alternative to some busier hill stations with good mix of nature and culture. Hill slopes and forests are sensitive; follow stay guidelines on waste and avoid off-trail erosion."
55,Tamhini Ghat & Mulshi,18.52,73.4,700,6,7,60,50.0,50,1550,3500,3100,6600,6100,16700,1.0,1.0,2,1,"Tamhini Ghat & Mulshi Maharashtra West India Pune / Raigad Monsoon_drive Waterfalls Nature Weekend_getaway Green valleys and forests of Tamhini Ghat Roadside seasonal waterfalls Mulshi Lake views and damside spots Monsoon road trip and photography Short roadside walks Picnics at safe designated points Lush Ghat drive with numerous small waterfalls and forested curves, considered a hidden gem compared to crowded Lonavala routes.[web:243] Less-known viewpoints along interior side roads Quiet lakeside spots around Mulshi (respect private property) Mid-monsoon (July–September) for greenery and waterfalls.[web:243] Days with red or orange heavy-rain alerts in Ghat sections due to landslide and flood risk.[web:243] Road_trip_lovers Monsoon_photographers Friends_and_couples_from_Pune/Mumbai Short, rewarding drive from Pune with forest, fog and waterfalls.[web:243] Multiple roadside cascades and moody weather. Check IMD and district disaster alerts; avoid parking near edges, streams or under unstable slopes; drive slowly and avoid night driving in heavy rain.[web:243] Roadside dhabas and resorts serving Maharashtrian and multi-cuisine meals. Rural Maharashtrian villages and farming communities. Ganesh Chaturthi and local temple fairs; monsoon itself is treated as a seasonal celebration. Keep noise low in villages; avoid littering or drinking in public near residents. Local jaggery and snacks from highway stalls Maharashtrian veg and non-veg thalis Bhakri with thecha and pitla Highly praised by monsoon-road-trip lovers; those prepared for rain find it unforgettable. Do not block narrow village roads with parked cars; carry back all trash and avoid soap/shampoo in natural streams."
56,Mahabaleshwar & Panchgani,17.92,73.66,1350,8,8,120,60.0,120,1650,3700,3300,7700,7100,20700,2.0,3.0,4,1,"Mahabaleshwar & Panchgani Maharashtra West India Satara Hill_station Family Monsoon Short_break Viewpoints like Arthur’s Seat, Kate’s Point, Elephant’s Head Venna Lake boating Strawberry farms (seasonal) Table Land in Panchgani Viewpoint drives Boat rides Horse riding at Venna/Table Land Monsoon waterfall spotting on roadside Classic Western Ghats hill station with cliff-edge viewpoints, strawberries and misty monsoon drives. Less-visited viewpoints and forest walks off main tourist circuit Small homestays tucked away from market area Strawberry and winter season (November–February); monsoon for foggy, green landscapes.[web:243] Peak holiday weekends when traffic jams around narrow roads become intense; heavy-rain red-alert days for landslide risk.[web:243] Families Couples Weekend_getaway_seekers_from_Mumbai/Pune Plenty of viewpoints, lake activities and accessible resorts. Well-known, easy-to-plan break with cool weather. Parking near main market and viewpoints can be challenging; book stays with parking or away from congestion. Vegetarian and non-vegetarian restaurants, chaat and dessert outlets; strawberry and cream is a signature. Maharashtrian hill communities with tourism-oriented economy. Strawberry festival and local temple events; weekend rush often feels festive. Standard hill-town etiquette; respect private farms and do not pluck without permission. Strawberry products and jams Chikki and fudge Local handicrafts Strawberries with cream Maharashtrian thali Corn-based monsoon snacks Long-time favourite for Mumbai–Pune region; some find it crowded in peak season but still scenic. Waste and traffic are key concerns; walk when possible and avoid littering viewpoints."
57,Chikmagalur,13.32,75.77,1090,7,8,150,40.0,240,1650,3700,3300,7200,6600,20700,2.0,3.0,5,1,"Chikmagalur Karnataka South India Chikkamagaluru Coffee_estates Hill_station Trekking Monsoon Mullayanagiri and Baba Budangiri peaks Coffee estates and homestays Hebbe and Jhari Falls (seasonal, access regulated) Hirekolale and other lakes Trekking to viewpoints (weather permitting) Estate walks and coffee experiences Jeep rides to falls or peaks Monsoon drives and photography High hills of the Western Ghats mixing coffee country with some of Karnataka’s most popular trekking peaks. Smaller, less-commercial estates near foothills Sunrise hikes to lesser-known viewpoints Post-monsoon to winter for trekking; early monsoon for lush scenery.[web:240] Very heavy-rain days where landslides or trail closures occur; peak summer afternoons for strenuous treks.[web:240] Trekkers Coffee_and_nature_lovers Friends_and_couples_from_Bengaluru Access to Mullayanagiri, Karnataka’s highest peak, and multiple trails. Estate homestays blending coffee heritage with Western Ghats vistas. Check local regulations and guide requirements for treks and falls; respect private estate rules. Homely Karnataka food in stays plus small restaurants in town; excellent filter coffee. Coffee-growing communities with mix of plantations and villages. Local temple festivals and hill fairs. Ask before entering estate tracks; keep noise low in villages and forests. Coffee and spices Homemade chocolates Local snacks Karnataka vegetarian meals Local chicken and mutton dishes in non-veg eateries Fresh coffee at estate stays Favoured for its combination of treks and coffee homestays; less commercial than some big-name hill stations. Hill ecology is sensitive; follow Leave No Trace practices on trails and avoid river pollution."
58,Amboli Ghat,15.96,74.0,690,5,7,80,30.0,80,1450,3100,2700,5900,5400,16200,1.0,2.0,3,1,"Amboli Ghat Maharashtra West India Sindhudurg Monsoon Waterfalls Nature Herping_macro_photography Amboli waterfalls and stream viewpoints Viewpoints over Konkan plains Rich amphibian and reptile life in monsoon forests (for specialists) Monsoon walks near viewpoints and falls Nature photography Specialist herping tours (with certified guides) Very wet hill station that becomes a ‘mist and waterfalls’ destination in monsoon, with interest from herp enthusiasts for endemic frogs and reptiles.[web:243] Less-frequented small waterfalls along ghat sections Night walks with experts for macro/herp photography (only with permission and guides) Monsoon months (June–September) for full waterfalls and mist; shoulder months for calmer weather.[web:243] Extremely heavy-rain alert days with landslide or road-closure risk; respect all IMD alerts.[web:243] Monsoon_chasers Macro_and_herp_photographers Short_break_travellers_from_Belagavi/Goa Waterfalls right by the road and dense, mossy forests. Diverse small fauna in rainforest conditions (with guides). High leech, slippery rocks and low visibility; only skilled drivers should attempt ghat in very heavy rain. Simple Maharashtrian and Konkan dishes in local eateries. Konkan–Maharashtra hill communities; agriculture and small tourism. Local temple festivals; monsoon weekends effectively become an event for visitors. Respect local advice on safe waterfall access; dress modestly in village areas. Local snacks Spices from Konkan Kombdi vade and fish fry (for non-vegetarians) Simple Maharashtrian veg thali Beloved by monsoon enthusiasts; some warn about crowding at main falls on weekends and slippery conditions. Do not throw plastic in waterfalls or forests; respect nocturnal wildlife during herping trips."
59,Agumbe & Western Ghats Rainforest Belt,13.5,75.08,650,5,7,100,55.0,100,1650,3700,3300,6700,6100,16700,2.0,3.0,5,1,"Agumbe & Western Ghats Rainforest Belt Karnataka South India Shivamogga / Udupi region Rainforest Monsoon Herping_macro Offbeat Sunset viewpoints over Arabian Sea side Nearby waterfalls such as Barkana, Onake Abbi (trek-based, regulated) High-rainfall evergreen forests rich in wildlife Forest treks with guides (permits as required) Monsoon and post-monsoon herping and macro photography Village homestay experiences One of India’s wettest regions with dense rainforests, king cobra research area and dramatic Ghats sunsets.[web:240] Research-station guided walks where accessible Less-commercial homestays deep in Ghats Monsoon and immediately after (June–October) for rainforest atmosphere; winter for drier treks.[web:240] Severe weather spells with official landslide/flood alerts; some trails are closed in heavy monsoon.[web:240] Nature_research_and_herp_fans Serious_monson_chasers Offbeat_travellers King cobra and amphibian diversity studied here; specialised tours available. Deep rainforest monsoon feel, not just roadside showers. Permits and local-guide requirements for many treks; leeches are common; must follow forest department regulations strictly. Simple home-style Karnataka and coastal-influenced meals at homestays. Rural Western Ghats communities with agriculture and forest-linked livelihoods. Local temple festivals; scientific events related to rainforest research occasionally. Follow homestay rules; be quiet at night to respect wildlife and village life. Limited; pick up spices or local produce via homestays Local rice and sambar meals Coastal-style fish (in non-veg homes) Loved by niche travellers who enjoy rainforests and solitude; casual tourists may find heavy rain and basic amenities challenging. Rainforest is extremely sensitive; stay only with responsible operators, avoid plastic and strictly stay on permitted trails."
60,Kudremukh & Surrounding Ghats,13.13,75.25,1600,6,8,100,95.0,100,1650,3700,3300,7200,6600,14700,2.0,2.0,4,1,"Kudremukh & Surrounding Ghats Karnataka South India Chikkamagaluru Trekking Rainforest Offbeat Nature Kudremukh peak trek (regulated) Rolling grassland and shola forest landscapes Nearby waterfalls and streams Full-day guided treks to Kudremukh peak (with permits) Shorter hikes and stream visits Birding and nature walks Iconic horse-face shaped mountain amid grassland–forest mosaic, considered one of Karnataka’s most beautiful treks. Smaller peaks and trails in buffer area Homestays in villages like Mullodi that serve as trek bases Post-monsoon (October–February) for clear views; monsoon for dramatic clouds but restricted trekking windows.[web:240] Days with heavy rain/landslide alerts; core trek often closed or controlled during worst monsoon spells.[web:240] Fit_trekkers Nature_photographers Small_friend_groups Kudremukh trail is moderately challenging but hugely rewarding in views. Rolling hills, mist and streams create classic Western Ghats frames. Daily trek quotas and permits managed by forest department; must start early with guide; leeches in monsoon; pack light but with rain and sun protection. Simple, hearty home-cooked Karnataka meals at homestays. Farming and plantation villages in Western Ghats foothills. Local temple festivals; nature is main draw. Respect homestay rules and quiet hours; no alcohol or loud music in forest zones. Limited; perhaps coffee/spices from nearby towns Simple rice–sambar meals Local vegetable preparations Kudremukh trek is consistently rated among the best day treks in South India; restrictions are seen as positive for conservation. Pack out all waste, stay on official trails and follow forest-department instructions strictly."
61,Havelock Island (Swaraj Dweep),11.97,92.99,0,9,9,57,-1.0,57,4600,10700,8900,18300,16000,38500,2.0,3.0,5,1,"Havelock Island (Swaraj Dweep) Andaman and Nicobar Islands Island Territory South Andaman Island Beach Diving Honeymoon Family Radhanagar Beach (Beach No. 7) Kalapathar Beach sunrise Elephant Beach for snorkelling and water sports Coral reefs and dive sites Scuba diving and snorkelling Sea walks and glass-bottom boat rides Kayaking and stand-up paddling Beach walks and cycling White-sand beaches with clear teal water and rich reefs, often considered India’s flagship tropical-island experience.[web:244][web:245][web:246][web:247][web:250] Quieter stretches of Radhanagar away from main entry Lesser-used village lanes ideal for cycling November–April with calm seas and good visibility; shoulder months around October and early May can also work.[web:244][web:245][web:250] Peak monsoon and rough-sea periods when ferries may be disrupted and many activities shut.[web:244] Honeymooners Families Divers_and_snorkellers Beach_relaxation High-end resorts and romantic beaches like Radhanagar.[web:245][web:250] Beginner-friendly reefs near Elephant Beach and Nemo Reef.[web:246][web:247][web:250] Ferries must be pre-booked; some activities depend on tide and weather; strict environmental regulations for waste and coral protection.[web:244][web:247] Seafood-centric menus plus Indian and some continental cafes; resort dining is common.[web:244][web:245] Settler communities with mixed mainland Indian backgrounds; island economy heavily tourism-dependent.[web:244] Local versions of mainland festivals; tourism events peak in high season. Respect beach codes, avoid alcohol on public beaches in sensitive areas, and adhere to ‘no-touch’ rules for corals. Basic souvenirs and T‑shirts Shell craft (buy only legally sourced items) Local packaged spices and seafood Fresh grilled fish and seafood Coconut-based curries Island-style tandoori fish Regularly rated among India’s best island/beach destinations, especially for first-time Andaman trips and soft adventure water sports.[web:246][web:250] Reefs are fragile; always use reef-safe sunscreen, avoid standing on corals and support operators who follow Andaman administration guidelines.[web:244][web:247]"
62,Neil Island (Shaheed Dweep),11.84,93.05,0,8,9,42,-1.0,42,3400,8100,7100,14000,11900,28000,1.0,2.0,3,1,"Neil Island (Shaheed Dweep) Andaman and Nicobar Islands Island Territory South Andaman Island Beach Diving Offbeat Honeymoon Bharatpur Beach (snorkelling and water sports) Laxmanpur Beach sunset point Natural bridge/rock formation Quiet interior villages and fields Snorkelling and boat trips Easy cycling around island Scuba diving for beginners Beach-hopping and sunset watching Smaller, calmer island than Havelock with relaxed vibe, shallow lagoons and quaint rural scenery.[web:220][web:247][web:250] Early-morning, nearly empty Bharatpur shoreline Back-road cycle routes through farms and homestays November–April for clear seas; can be combined with Havelock in a single itinerary.[web:220][web:245][web:250] Rough monsoon sea periods that disrupt ferries; some beaches may be unsafe for swimming then.[web:244] Couples Slow_travellers Snorkelling_beginners Quiet_beach_seekers Compact size makes it easy to explore slowly by cycle and on foot.[web:220] Gentle, shallow waters at Bharatpur and off nearby reefs.[web:220][web:247] Last ferry timings restrict day schedules; limited nightlife; many properties have early kitchen closing times.[web:220][web:244] Simple island cafes and resort restaurants; seafood and Indian staples dominate.[web:220][web:244] Laid-back island communities engaged in tourism, fishing and small-scale farming.[web:220][web:244] No major unique festival; atmosphere is always quiet and village-like. Modest beachwear away from main tourist zones; courteous interaction with locals. Basic souvenirs at jetty market Locally sold snacks and packaged products Fresh fried fish at small shacks Coconut water and simple island curries Often described as a peaceful counterpoint to Havelock, ideal for unwinding with fewer crowds and pretty sunsets.[web:220][web:245][web:250] Islands generate limited waste; carry reusable bottles and avoid plastics, and never disturb coral or marine life.[web:244][web:247]"
63,Port Blair & Nearby Islands,11.67,92.75,0,8,9,3,-1.0,1300,2600,6300,5400,12500,11200,26500,1.0,2.0,3,0,"Port Blair & Nearby Islands Andaman and Nicobar Islands Island Territory South Andaman Gateway_city History Island Family Cellular Jail and sound-and-light show Corbyn’s Cove Beach Ross Island (Netaji Subhash Chandra Bose Island) boat trip Museums and local markets Historical tours Short island-hopping by boat Local food and market walks Intro glass-bottom or snorkelling excursions Historic port town that frames Andaman’s freedom-struggle narrative while acting as the logistics hub for island-hopping.[web:244][web:245][web:247] Small cafes and eateries overlooking harbour Less-known viewpoints on nearby hills October–April aligning with Andaman high season.[web:244][web:245] Rough-sea monsoon spells that affect boat operations and outdoor sightseeing.[web:244] History_buffs Families First_time_Andaman_visitors Cellular Jail and related museums tell the story of political prisoners.[web:244] Good place to acclimatise, arrange ferries and sample local food.[web:245] Sound-and-light show tickets and Ross Island boats may need advance booking in peak season.[web:244] Mix of South Indian, North Indian and seafood restaurants plus bakeries and cafes.[web:244] Multi-ethnic island capital with diverse communities and seafaring orientation.[web:244] National days are marked strongly at Cellular Jail; local versions of mainland festivals. Photography may be restricted in some government/defence areas; follow posted signs.[web:244] Shell crafts (avoid illegal coral/shell collection) Spices and packaged coconut products Small handicrafts and T‑shirts Seafood thalis South Indian breakfasts Local-style fish curries Viewed as a practical and interesting starting/ending point rather than a pure beach destination, with high praise for Cellular Jail experience.[web:245][web:247] Support regulated operators, avoid littering sea-fronts and skip buying items made from coral or protected shells.[web:244]"
64,Darjeeling,27.04,88.26,2045,9,8,70,75.0,65,1750,3900,3500,7800,7100,20700,2.0,3.0,5,1,"Darjeeling West Bengal East India Darjeeling Hill_station Tea_gardens Heritage Family Honeymoon Tiger Hill sunrise views of Kanchenjunga (weather permitting) Tea gardens and factory visits Batasia Loop and Toy Train rides Mall Road and Observatory Hill area Toy train joyrides Tea estate tours Short walks and viewpoints Monastery visits Colonial-era hill station with UNESCO-listed Himalayan Railway and world-famous tea estates facing the Eastern Himalayas.[web:248][web:251][web:249][web:252] Smaller tea gardens that allow slower, less commercial visits Quiet walks towards nearby villages away from main market March–June and October–November for views and pleasant weather.[web:248][web:251] Peak monsoon for landslide risks and clouded views; some winter weeks can be very cold and foggy. Families Couples Tea_and_heritage_lovers Historic estates and the Darjeeling Himalayan Railway heritage ride.[web:248][web:249][web:252] Easy sightseeing, toy train and viewpoints suit varied ages.[web:251] Road closures due to landslides sometimes affect access; always check local advisories in monsoon. North Indian, Tibetan, Nepali and continental cafes and bakeries. Gorkha-majority hill culture with Tibetan and Bengali influences. Local hill festivals and pan-Indian celebrations; tea plucking seasons add interest. Respect monastery rules and avoid loud behaviour in residential hill lanes. Darjeeling tea Hand-knit woollens Local handicrafts and souvenirs Momos and thukpa Darjeeling tea at source Local Nepali dishes Remains a classic mountain destination with nostalgic charm; some mention congestion in peak months but views and tea culture compensate.[web:248][web:251] Support heritage railway and tea estates with ethical labour practices; avoid plastic on hill trails."
65,Gangtok & East Sikkim,27.33,88.61,1650,8,9,125,120.0,115,1750,4200,3700,8400,7600,23900,2.0,3.0,5,1,"Gangtok & East Sikkim Sikkim North East India East Sikkim Hill_station Culture Monasteries Family MG Marg promenade Tsomgo (Changu) Lake and Baba Mandir (permits required) Tashi View Point and nearby monasteries Cable car and city viewpoints City walks and cafe-hopping Day trips to Tsomgo Lake and Nathu La (if open) Monastery and viewpoint visits Clean, organised hill capital acting as a base for wider Sikkim exploration with strong Buddhist influence and valley views.[web:248][web:251][web:249][web:252] Less-touristed monasteries and viewpoints around outskirts Local bakeries and small eateries off MG Marg March–June and October–December for clear views and comfortable temperatures.[web:248][web:251] Peak monsoon for landslide risk; some high passes close in winter due to snow. Families First_time_Sikkim_travellers Monastery_and_culture_lovers Easy logistics and many day-trip options.[web:248][web:251] Multiple monasteries and proximity to Khangchendzonga views.[web:249][web:252] Permits mandatory for Tsomgo, Nathu La and certain border areas; travel agents usually arrange.[web:248][web:251] Combination of Tibetan, Nepali and Indian dishes plus modern cafes. Blend of Lepcha, Bhutia and Nepali influences with strong Buddhist presence. Losar, Saga Dawa and other Buddhist festivals, plus pan-Indian celebrations. Dress modestly for monastery visits and maintain silence inside prayer halls. Handicrafts from Sikkim and North East Tea and organic products Buddhist artefacts and souvenirs Thukpa and momos Gundruk-based dishes Local teas and bakery items Appreciated as a clean, tourist-friendly capital that feels less chaotic than many hill towns and works well as a base.[web:248][web:251] Follow local rules on plastic use and respect fragile Himalayan slopes when taking short hikes."
66,North Sikkim (Lachung–Lachen Belt),27.7,88.71,2700,7,7,200,210.0,120,2500,5300,4600,8500,7700,16500,2.0,3.0,4,2,"North Sikkim (Lachung–Lachen Belt) Sikkim North East India North Sikkim High_mountain Valley_scenery Snow_views Offbeat Yumthang Valley (‘Valley of Flowers’ in season) Gurudongmar Lake (high altitude, permits needed) Lachung and Lachen villages Hot springs and snow viewpoints (seasonal) Scenic drives and short walks Valley and snowfield photography Local homestay experiences High-altitude valleys with dramatic landscapes, rhododendron blooms in season and glimpses of Himalayan peaks, accessed via staged overnight trips.[web:248][web:251][web:249][web:252] Quiet homestay lanes away from main hotel clusters Less-touristed rhododendron patches depending on bloom Spring (April–June) for blooms; autumn and early winter for clearer views.[web:248][web:251] Peak monsoon (landslides, closures) and severe winter spells when access to Gurudongmar/Yumthang can be cut off. Scenery_seekers Snow_and_high_altitude_lovers Photographers Valleys, rivers and mountain backdrops on multi-day drives.[web:248][web:251] Seasonal snowfields and high lakes like Gurudongmar (subject to health and permits).[web:251] Permits compulsory; acclimatisation and health screening important for high-altitude segments; not ideal for travelers with serious heart/respiratory issues.[web:248][web:251] Simple set meals at lodges/homestays; mostly Indian and local hill dishes. Highland Buddhist and rural Sikkimese communities. Local monastery festivals; tourism is more seasonal than event-centric. Respect army presence and photography restrictions near border/strategic areas. Limited; small local products like woollens or snacks Thukpa and momos Simple rice and curry sets at homestays Described as stunning but demanding; many consider it a must-see if comfortable with long, rough drives and basic stays.[web:248][web:251] High-altitude ecosystems are fragile; never litter, avoid trampling vegetation and follow instructions strictly."
67,Meghalaya (Shillong–Cherrapunji–Mawlynnong circuit),25.58,91.88,1500,8,8,120,100.0,100,1750,4300,3800,8600,7800,21000,3.0,4.0,6,1,"Meghalaya (Shillong–Cherrapunji–Mawlynnong circuit) Meghalaya North East India East Khasi Hills and surroundings Waterfalls Caves Living_root_bridges Family Adventure Shillong city viewpoints and cafes Sohra waterfalls (Nohkalikai, Seven Sisters, etc.) Living root bridges near Nongriat and other villages Mawlynnong ‘cleanest village’ and Dawki river Waterfall viewing and short hikes Root-bridge treks (moderate difficulty) Boating on Umngot River at Dawki (seasonal clarity) Cave exploration with local guides Cloud-laced cliffs, intense waterfalls and indigenous Khasi engineering in the living root bridges, plus glassy rivers in season.[web:248][web:251] Quieter villages and root bridges beyond most visited spots Lesser-known viewpoints and short trails near Sohra October–April; post-monsoon brings full waterfalls with safer access, winter offers clearer skies.[web:248][web:251] Heaviest monsoon months for landslides and dangerous waterfall conditions; some caves/rivers swell dangerously. Waterfall_and_nature_lovers Active_travellers Families_with_older_kids Multiple falls, green cliffs and root bridges in compact region.[web:248][web:251] Root-bridge and cave walks require reasonable fitness. Steep steps on root-bridge trails; always follow local safety instructions at waterfalls and caves.[web:248][web:251] Mix of Khasi cuisine, North Indian and cafe food; pork and local specialties for non-vegetarians. Khasi matrilineal communities with strong village councils and church presence. Local religious and harvest festivals; Christmas season is festive across Meghalaya. Obey village rules for trekking routes and photograph people only with consent. Hand-woven shawls and local crafts Spices and pickles Bamboo and cane products Jadoh (rice and meat dish) Smoked meats and local chutneys Shillong street and cafe food Frequently highlighted for dramatic scenery and unique root bridges; some mention crowding at top spots but many quiet corners remain.[web:248][web:251] Stick to designated paths, carry back trash and respect local capacity limits on popular trails."
68,Kaziranga National Park & Assam Tea Belt,26.58,93.17,80,8,9,200,75.0,200,4000,7500,7100,13500,11900,25500,2.0,3.0,4,1,"Kaziranga National Park & Assam Tea Belt Assam North East India Golaghat / Nagaon / Sonitpur Wildlife Tea_estates Family Photography Kaziranga National Park jeep safaris One-horned rhinoceros sightings Elephant-back safaris (limited, regulated) Tea estate drives and visits in surrounding belt Morning and afternoon safaris in different ranges Birding Village and tea-garden visits UNESCO-listed floodplain ecosystem famous for its rhino population alongside elephants, deer and rich birdlife, often combined with Assam tea-garden stays.[web:248][web:249][web:252] Less-visited safari ranges with fewer vehicles Small, charming tea bungalows near park buffers November–April, with pleasant winter temperatures and good sightings.[web:248][web:251] Monsoon (park closed typically from May/June to October due to Brahmaputra floods).[web:248][web:249][web:252] Wildlife_enthusiasts Families Tea_and_nature_lovers High chances of rhino sightings and diverse fauna.[web:249][web:252] Combination of park safaris and green tea estates is distinctive.[web:248][web:251] Park rules and safari permits need to be followed; some ranges may close temporarily depending on water levels. Lodge buffets with Assamese and Indian dishes; simple fare in nearby towns. Assamese villages with strong tea-industry presence and Brahmaputra floodplain lifestyle. Bihu festivals in Assam; some lodges offer cultural evenings. Respect local village customs and dress modestly in rural areas. Assam tea directly from estates Local crafts and woven items Assamese thali with fish or meat Pitha and local sweets Freshly brewed Assam tea Often recommended as India’s top rhino-watching destination with good infrastructure and memorable safaris.[web:248][web:251] Choose responsible lodges, minimise noise on safaris and never pressure guides to go off-route."
69,Khajuraho & Panna National Park,24.85,79.93,230,7,9,5,5.0,120,1850,4400,3900,8700,8100,21500,2.0,3.0,4,1,"Khajuraho & Panna National Park Madhya Pradesh Central India Chhatarpur / Panna Heritage Wildlife Photography Short_break Khajuraho Group of Monuments (UNESCO temples) Sound-and-light show at temple complex Panna National Park tiger reserve safaris Ken River gorge and waterfalls (seasonal) Temple sightseeing and guided tours Jeep safaris in Panna Ken River boat rides (where allowed) Village and craft visits Rare combination of world-famous temple art and a nearby tiger reserve in a single, compact circuit. Less-visited temple groups beyond main Western Group Quiet viewpoints along Ken River October–March for comfortable sightseeing and safaris; shoulder months for warmer but quieter travel. Peak summer afternoons for temple visits; monsoon when park access and river levels fluctuate. History_and_architecture_lovers Wildlife_and_birders Photographers Intricate temple sculptures and UNESCO recognition.[web:249][web:252] Panna offers tiger, vulture and riverine wildlife viewing. Respect temple decorum; Panna safari permits should be booked in advance during peak season. Indian restaurants and hotel dining; simple options near park gate. Bundelkhand region with mix of rural communities and temple-town economy. Khajuraho Dance Festival and religious festivals enliven temple precincts. Dress modestly in temple areas; remove footwear where required. Stone and brass souvenirs Local handicrafts and textiles Simple MP-style thalis Local sweets from small shops Praised for combining culture and nature; many find 2–3 days sufficient but rewarding. Follow park rules, avoid graffiti at temples and support local guides and artisans."
70,Orchha & Nearby Betwa Landscapes,25.35,78.64,214,6,9,120,18.0,18,1450,3800,3300,7400,6600,17000,1.0,2.0,3,1,"Orchha & Nearby Betwa Landscapes Madhya Pradesh Central India Niwari Heritage Riverside Photography Short_break Orchha Fort complex and palaces Chhatris (cenotaphs) along Betwa River Ram Raja Temple and local markets Betwa riverside scenery and rafting (seasonal, regulated) Fort and temple sightseeing Sunset photography near chhatris Short walks and easy cycling Seasonal light adventure on river Compact heritage town with palaces and riverside cenotaphs that feel quieter and less commercial than many big-name sites. Viewpoints across Betwa with skyline of chhatris Less-visited small temples and village lanes October–March for pleasant days and comfortable walks. Peak summer heat in afternoons; monsoon high river levels for certain water activities. History_buffs Photographers Slow_travellers Well-preserved Bundela-era architecture and temples.[web:249][web:252] Walkable town with relaxed vibe and scenic riverside. Smaller town with limited nightlife; river safety should be respected, especially with children. Simple local restaurants and hotel dining, mainly Indian cuisine. Religious and heritage town with strong Ram devotion and Bundelkhand traditions. Ram-related festivals draw pilgrims; light-and-sound shows and cultural programmes sometimes held at fort. Dress modestly at temples; evenings near Ram Raja Temple can be quite devotional. Small handicrafts and souvenirs Local sweets and snacks Street-side chai and snacks by the market Simple veg thali at dhabas Often called an underrated gem of MP for its tranquil heritage atmosphere and picturesque riverside. Support small local businesses, keep monuments and riverbanks litter-free and respect quiet, small-town rhythm."
71,Gokarna,14.55,74.32,0,8,8,145,10.0,150,1350,3400,2900,6600,6000,16900,2.0,3.0,5,1,"Gokarna Karnataka South India Uttara Kannada Beach Spiritual Backpacker Slow_travel Kudle, Om, Half Moon and Paradise Beaches Mahabaleshwar Temple Cliffside trails between coves Beach-hopping and short coastal treks Yoga and meditation stays Cafe-hopping and simple nightlife Laid-back temple town with a string of coves where homestays and shacks sit just off the sand, offering a quieter alternative to Goa.[web:254][web:256] Early-morning walks between lesser-used coves Simple village homestays just behind the main beaches November–March for pleasant weather and calmer seas.[web:254][web:259] Peak monsoon for rough seas and many shacks closing; May heat can be intense mid-day.[web:259] Solo_travellers Budget_groups Yoga_seekers Quiet_beach_lovers Homely guesthouses, easy social vibe and safe small-town feel.[web:254] Simpler, calmer beaches than mainstream Goa, with more space for **slow** mornings.[web:254][web:256] Respect temple rules and local culture; alcohol and loud parties are less accepted in town compared to some beaches. Mix of coastal Karnataka, North Indian and continental cafes with many vegetarian-friendly options.[web:254] Pilgrimage town with a simple coastal lifestyle; visitors share space with devotees and fishing communities. Religious festivals at Mahabaleshwar Temple and local temple fairs; New Year sees more backpacker gatherings. Dress modestly inside town and temples; remove footwear where required. Beachwear and hippie clothing Simple jewellery and souvenirs Local snacks and incense Fish thali at local eateries Mangalorean-style curries Fresh tender coconut on the beach Frequently described as “Goa without the crowds,” valued for chilled vibes, simple food and cliff walks.[web:254][web:256] Be mindful of waste on fragile coves; many shacks struggle with garbage—carry your own bottle and avoid single-use plastics."
72,Almora & Kasar Devi Belt,29.62,79.67,1650,7,8,120,90.0,95,1300,3150,2650,6050,5400,14200,2.0,3.0,6,1,"Almora & Kasar Devi Belt Uttarakhand North India Almora Hill_town Culture Slow_travel Spiritual Old Almora bazaars and traditional houses Kasar Devi Temple ridge Views towards Nanda Devi range on clear days Proximity to Binsar Wildlife Sanctuary Town and bazaar walks Ridge walks around Kasar Devi Short drives to viewpoints and Binsar gate Relaxed Kumaon hill town with a historic bazaar core and a ridge (Kasar Devi) long associated with writers, seekers and spiritual travellers.[web:256] Quiet village homestays above/below main ridge Sunrise and sunset points near Kasar Devi away from crowds October–April for crisp views; monsoon for lush valleys if okay with cloud.[web:256][web:259] Peak monsoon landslide alerts and coldest snaps if not prepared for low temperatures.[web:259] Writers_and_remote_workers Spiritual_seekers Budget_backpackers Quiet guesthouses and cafes on Kasar ridge; many advertise Wi‑Fi and long-stay tariffs.[web:256] Kasar Devi considered an energy spot, mentioned in travel and spiritual circuits.[web:256] Nights can be cold; some guesthouses basic; carry cash as digital payments may fail during network dips. Simple Kumaoni and North Indian food plus traveller cafes on ridge serving basics and coffee.[web:256] Traditional Kumaoni families, temples and old bazaar traditions mixed with newer alternative/creative communities. Local temple fairs and standard hill festivals; occasional retreats/workshops around Kasar. Dress modestly near temples and in old-town lanes; support local shops for snacks and essentials. Kumaoni sweets like bal mithai and singauri Local woollens and shawls Village-made pickles and pulses Bhatt ki churkani and other Kumaoni dals Bal mithai and singauri Simple homely thalis Perceived as a calm, culturally rich base close to Binsar; many mention Kasar’s vibe as particularly conducive to reflection.[web:256] Water is limited; use sparingly and avoid plastic—hill towns struggle with solid waste management."
73,Tawang,27.59,91.86,3050,7,7,320,320.0,470,2000,4500,3900,8000,7100,18100,4.0,5.0,7,2,"Tawang Arunachal Pradesh North East India Tawang High_altitude Monasteries Snow_views Road_trip Tawang Monastery Sela Pass (on the way) High-altitude lakes (Madhuri Lake etc.) War memorials and viewpoints Monastery and cultural visits Scenic drives to lakes and passes Snow-play in season Remote Himalayan Buddhist town near the China border with a major monastery and stark, beautiful landscapes.[web:256][web:259] Small villages between Dirang and Tawang Less-known lakes and vantage points accessible in good weather March–May and October–November for clear skies; January for snow for those prepared for cold.[web:256][web:259] Peak monsoon for landslides; some deep winter spells for road closures and extreme cold.[web:256] Adventure_road_trippers Buddhist_culture_lovers Snow_and_high_mountain_fans Multi-day journey via Dirang with dramatic passes and army convoys.[web:256] Monastery and local festivals offer deep cultural immersion.[web:259] Inner Line Permit (ILP) required for Indians; foreigners need additional clearances; altitude and long drives demand good health.[web:256][web:259] Simple Tibetan, North Indian and local Arunachali dishes; mostly homely meals.[web:256] Monpa Buddhist communities with monasteries and traditional houses. Losar and monastery festivals; military parades on national days. Be respectful in monasteries and around army installations; photography may be restricted. Woollens and local handicrafts Prayer flags and small souvenirs Thukpa and momos Local butter tea and simple stews Regarded as a memorable once-in-a-while trip for its remoteness and monastery; many note tough but rewarding road journey.[web:256][web:259] Carry back all trash; use refillable bottles and minimise disturbance in fragile high-altitude ecosystems."
74,Spiti Valley,32.25,78.0,3800,8,7,250,320.0,200,1650,3900,3300,7300,6300,17100,6.0,7.0,12,2,"Spiti Valley Himachal Pradesh North India Lahaul and Spiti High_altitude Road_trip Culture Adventure Villages like Kaza, Langza, Hikkim, Komic, Dhankar Key Monastery High passes and stark desert mountains Multi-day road trips Monastery visits and village walks Short treks and high-point drives Trans-Himalayan cold desert with dramatic moonscapes, ancient monasteries and minimal vegetation, offering a semi-Ladakh feel in Himachal.[web:256][web:259] Homestays in less commercial villages Night skies with superb stargazing June–September for full circuit access; May and October in lower sections depending on snow.[web:256][web:259] Winter and early spring when many roads/villages are cut off and temperatures plunge.[web:259] Experienced_road_travellers Landscape_photographers Culture_seekers Rough, long drives and high passes require confidence and planning.[web:256] Old monasteries and Tibetan-influenced villages offer deep immersion. Altitude sickness risk; limited medical facilities; travel only in suitable season and with adequate acclimatisation days.[web:259] Simple Indian and Tibetan dishes; supplies more limited than mainstream hill stations. Buddhist villages with agriculture and pastoralism; monasteries central to community life. Local monastery festivals and masked dances, mainly in summer. Respect monastery etiquette and ask before photographing people. Small handicrafts, prayer flags and souvenirs Handmade woollens Thukpa and momos Butter tea and local breads Often described as raw, stark and transformative; many emphasise that it is not a rushed weekend destination.[web:256][web:259] Carry out all waste, respect water scarcity and avoid off-road driving on fragile slopes."
75,Jibhi & Tirthan Valley,31.61,77.3,1600,8,8,50,250.0,250,1450,3400,2800,6100,5500,13300,2.0,3.0,7,1,"Jibhi & Tirthan Valley Himachal Pradesh North India Kullu Offbeat_hill Riverside Backpacking Slow_travel Riverside villages along Tirthan River Wooden homestays in Jibhi and Shoja Easy access to Great Himalayan National Park region (GHNP gate) Village and forest walks Short treks to waterfalls and viewpoints Riverside camping and bonfires (in season) Peaceful valley with cedar forests, wooden homes and riverside stays, popular among backpackers escaping Manali crowds.[web:257][web:260] Smaller hamlets beyond main Jibhi market Offbeat stays nearer GHNP entry March–June and September–November for pleasant weather; winter for snow in higher reaches.[web:257] Days of heavy monsoon landslides and peak winter road closures around Jalori and high passes.[web:257] Backpackers Couples Remote_workers Budget-friendly hostels and homestays, easy trails and social bonfire evenings.[web:257] Workation stays overlooking river and forest, especially in shoulder seasons. Area is growing fast; respect village privacy and avoid loud parties; check connectivity if planning remote work.[web:257] Homely Himachali food and simple cafes serving Indian and continental dishes. Himachali villages with agriculture, orchards and small-scale tourism. Local fairs and temple festivals; valley retains traditional rhythms. Ask before entering fields or photographing homes; keep music volume low at night. Handmade woollens and local produce Honey and jams from homestays Siddu and other Himachali dishes Local rajma (kidney beans) preparations Highly rated by backpackers for serenity and affordability; many consider it their favourite alternative to Manali.[web:257] Valley is sensitive; avoid plastic, stick to marked paths and support homestays that manage waste responsibly."
76,Chitkul & Baspa Valley,31.35,78.43,3450,7,7,250,240.0,230,1650,3700,3200,6400,5700,21800,2.0,2.0,4,2,"Chitkul & Baspa Valley Himachal Pradesh North India Kinnaur High_mountain_village Offbeat Road_trip Photography Chitkul village on Baspa River Valley meadows and pine forests ‘Last village’ feel near Indo–Tibetan border Village walks and riverside strolls Short hikes to meadows Photography of peaks and traditional houses End-of-the-road village with stone-and-wood houses, roaring river and close snow peaks, often cited as among Himachal’s prettiest settlements.[web:257] Homestays slightly away from main road Low-key trails along river and fields May–October (excluding peak monsoon) for access and green or post-monsoon views.[web:257][web:259] Deep winter for heavy snow and road closures; peak monsoon for landslides.[web:259] Scenery_lovers Photographers Quiet_seekers Baspa valley is consistently praised for river, forest and snow-peak combination.[web:257] Remote location with limited nightlife and simple routines. Altitude sensitivity, limited medical facilities and long drive time; carry warm layers even in summer. Basic Himachali/North Indian set meals at lodges and dhabas. Kinnauri communities with distinct architecture and temples. Local village festivals at temples; seasons drive activity more than big events. Respect temple areas and avoid entering fields without consent. Small local woollens or souvenirs Simple snacks and local produce Rajma-chawal with local beans Simple homely curries Often called a dream ‘last village’ experience, praised for air quality and views; some feel access roads can be tiring.[web:257][web:259] Carry back waste, avoid disturbing riverbanks and forests, and choose smaller homestays over large intrusive constructions."
77,Miyar Valley,32.87,76.95,3600,5,6,250,300.0,180,1950,4700,3800,7600,6700,15500,5.0,7.0,10,2,"Miyar Valley Himachal Pradesh North India Lahaul and Pangi region Trekking High_altitude_valley Offbeat Adventure Long glacial valley between Pir Panjal and Zanskar ranges Remote villages and meadows Base for trekking and climbing expeditions Multi-day treks and camping High-altitude photography Exploration of side valleys with guides Remote valley that combines elements of Himachal and Ladakh landscapes, still far less visited than popular Himalayan circuits.[web:260] Wildflower-filled meadows in summer Tiny hamlets with very basic homestays July–September for trekking and open-valley access.[web:260] Winter and shoulder seasons when snow blocks routes; monsoon storms can still affect approach roads. Experienced_trekkers Expedition_photographers Offbeat_explorers Long valley treks without huge technical difficulty but with remote conditions.[web:260] One of the less-commercialised high valleys, offering real wilderness. Should only be attempted with proper gear, guides and acclimatisation; emergency services sparse. Basic; trek kitchens and homestay meals based on local staples. Sparse high-altitude communities with mixed Himalayan influences. Local village festivities; valley primarily a trekker’s destination. Travel respectfully; homestays may have very simple facilities—adjust expectations. None inside valley; supplies must be pre-arranged Simple lentil–rice meals Local breads when available Celebrated among niche trekking and climbing communities; often described as pristine and unspoilt.[web:260] Absolutely pack-in–pack-out for all waste; avoid campfires and follow Leave No Trace principles strictly."
78,Keoladeo National Park (Bharatpur Bird Sanctuary),27.16,77.52,180,9,9,55,5.0,55,1650,4000,3500,7700,6900,17400,1.0,2.0,3,0,"Keoladeo National Park (Bharatpur Bird Sanctuary) Rajasthan North India Bharatpur Birding Wetland Photography Short_break Wetland and woodland habitat with hundreds of bird species Winter migratory birds including cranes and ducks Well-laid cycle/foot paths inside park Birdwatching by cycle, on foot or cycle-rickshaw Guided naturalist tours Nature photography Compact UNESCO-listed bird sanctuary offering close, easy bird views in a semi-arid landscape turned wetland oasis.[web:258][web:261][web:249][web:252] Early-morning and late-evening walks with fewer visitors Inner tracks where mammals like nilgai and jackal may be seen October–March for winter migrants, with peak diversity in mid-winter.[web:258][web:261] Peak summer heat and mid-monsoon when bird numbers and comfort drop. Birders Families Photographers School_groups One of Asia’s finest birding sites with rich species diversity.[web:258][web:261] Flat paths and cycle-rickshaws make it accessible for all ages.[web:258] Park entry fees plus separate charges for rickshaws/guides; best visited early or late in day for birds and soft light.[web:258] Hotel restaurants and local dhabas; simple North Indian and Rajasthani fare. Small-town Rajasthan with agriculture around wetland. Birding festivals and events occasionally organised; best experiences revolve around migration season. Respect park rules, keep noise low and stay on designated paths. Basic bird and wildlife souvenirs Local snacks in nearby markets Rajasthani-style thali at dhabas Local sweets from town Consistently praised by birders worldwide for density and accessibility of sightings; many include it in top Indian birding lists.[web:258][web:261] Use binoculars and long lenses instead of approaching birds; avoid litter and support eco-friendly guides and lodges."
79,Ranganathittu Bird Sanctuary,12.42,76.65,695,7,9,20,5.0,15,700,1600,1100,2400,1600,3100,0.5,0.5,1,0,"Ranganathittu Bird Sanctuary Karnataka South India Mandya Birding Wetland Day_trip Family River-island sanctuary on Kaveri Large nesting colonies of storks, ibises and other waterbirds Short boat rides for close views Boat safaris with guides Birdwatching from banks Short walks and picnics Compact wetland where breeding waterbirds nest on islets, offering close viewing from boats, ideal for a few hours’ birding.[web:261] Early-morning boat rides with fewer visitors Off-peak weekday visits during breeding season December–March for peak nesting and bird activity.[web:261] Peak summer afternoons for heat; flood periods when river levels are high. Beginner_birders Families_with_kids Road_trippers Easy, short experience with reliable sightings and simple logistics.[web:261] Boat rides and visible birds keep children engaged. Follow lifejacket and boat-safety instructions; do not throw food to birds or into water.[web:261] Basic snacks and nearby eateries; most visitors eat in Mysuru or along highway. Part of Kaveri river landscape near historic Srirangapatna. None specific; birding itself peaks in winter. Respect sanctuary rules and quiet environment. Very limited; basic souvenirs nearby Mysuru-style meals in city after visit Liked as an easy, rewarding birding stop; often recommended in birding lists for South India.[web:261] Avoid loud music, do not disturb nesting birds and keep riverbanks litter-free."
80,Nal Sarovar Bird Sanctuary,22.8,72.05,60,7,9,65,40.0,60,1050,2300,1500,3000,2100,3900,0.5,0.5,1,0,"Nal Sarovar Bird Sanctuary Gujarat West India Ahmedabad / Surendranagar Wetland Birding Day_trip Photography Vast shallow lake and marshes Large flocks of winter migratory birds Boating among islets and bird congregations Boat rides with local boatmen Birdwatching and photography Short walks on islets where allowed Expansive wetland that transforms into a major winter bird haven with flamingos, pelicans and other waterbirds.[web:261] Early starts to catch sunrise and bird activity before crowd arrival Exploring slightly farther islets with fewer boats (within regulations) November–February when migratory birds peak and temperatures are pleasant.[web:261] Hot summer and heavy monsoon when bird numbers and comfort decline. Birdwatchers Families_from_Ahmedabad Photographers Listed among top Indian birding wetlands with strong winter diversity.[web:261] Easy day trip combining boat rides and open-air time. Arrive early to avoid mid-day glare and crowds; negotiate clear prices and time for boats in advance.[web:261] Snack stalls and small eateries; most visitors plan main meals in Ahmedabad or highway dhabas. Wetland used traditionally by local communities; many boatmen come from nearby villages. Occasional birding events and nature camps in winter. Use designated entry points and follow sanctuary rules; no loud music. Very limited; focus is nature, not shopping Gujarati snacks and tea at local stalls Popular with Gujarat-based birders and photographers; often noted for impressive flamingo and pelican flocks in good years.[web:261] Do not request boatmen to chase birds for closer photos; maintain distance and avoid littering in boats or on islets."
81,Great Rann of Kutch (White Desert),24.09,70.64,15,9,9,80,80.0,80,2600,5400,4800,10200,9300,27500,2.0,3.0,4,1,"Great Rann of Kutch (White Desert) Gujarat West India Kutch Desert Festival Culture Photography Endless white salt desert vistas Sunset and full-moon views over salt flats Rann Utsav tent city (seasonal) and cultural shows Nearby sites like Kala Dungar and handicraft villages Sunset/sunrise walks on salt flats Cultural performances and handicraft bazaars (during festival) Camel carts and simple desert activities Short trips to Mandvi coast and local villages One of the world’s largest salt deserts, turning into a shimmering white expanse in the dry season and hosting the colourful Rann Utsav near Dhordo.[web:262][web:264][web:236][web:210][web:267] Quieter stretches of the white desert away from main sunset crowd (within permitted zones) Small artisan villages in Kutch for textiles and embroidery November–February, coinciding with Rann Utsav and cooler desert weather; full-moon nights are especially striking.[web:264][web:236][web:210][web:267] Peak summer and monsoon when flats are marshy or waterlogged and heat is severe.[web:262][web:264] Culture_and_festival_lovers Landscape_photographers Families Couples Rann Utsav packages combine folk music, dance, crafts and desert stays in one **immersive** experience.[web:236][web:210][web:267] Vast, minimal white foregrounds with dramatic sunsets and moonlight.[web:264][web:263] Border-adjacent region; permits/checkposts apply; nights can be very cold even when days feel warm.[web:262][web:264] Gujarati thalis and snacks in camps and local eateries, with simple vegetarian-heavy menus.[web:210][web:236] Kutchi communities renowned for textiles, embroidery, folk music and desert pastoral traditions.[web:236][web:210] Rann Utsav (White Desert Festival) typically runs from Nov–Feb with nightly cultural programmes.[web:236][web:210][web:267] Dress modestly in villages, ask before photographing people or crafts, and bargain respectfully. Kutchi embroidery and mirror-work textiles Handwoven shawls and stoles Leatherwork and handicrafts from artisan villages Gujarati thali with local farsan Kutch dabeli and snacks Traditional bajra rotla with ghee Frequently described as surreal and otherworldly; many travellers recommend at least one moonlit night on the white desert.[web:264][web:263][web:236] Stay on designated paths to avoid crust damage, minimise plastic use and support local artisans directly."
82,Jaisalmer & Thar Desert Dunes,26.91,70.91,225,9,9,15,2.0,280,1750,4200,3700,8100,7600,25000,2.0,3.0,4,1,"Jaisalmer & Thar Desert Dunes Rajasthan West India Jaisalmer Desert Heritage Festival Photography Living Jaisalmer Fort and havelis Sam and Khuri sand dunes Desert camps and cultural evenings Gadisar Lake and nearby temples Camel and jeep safaris in dunes Overnight desert camping Fort and old-town heritage walks Golden sandstone fort city at the edge of the Thar, combining intricate havelis with easy access to rolling sand dunes.[web:266] Quieter dunes beyond the most crowded Sam belt Smaller havelis and lanes away from main bazaar October–March for cool desert evenings and comfortable fort exploration.[web:266] Peak summer heat and hottest pre-monsoon months; occasional dust storms. First_time_desert_visitors Couples Families History_lovers Classic camel-safari-plus-fort combo on the Desert Circuit promoted nationally.[web:266] Lived-in fort and carved havelis provide rich built heritage. Choose reputable camps that avoid loud generators and dune degradation; nights can be cold even when days are warm. Rajasthani and North Indian food, with many rooftop eateries overlooking fort and town. Rajasthani desert communities with folk music, dance and crafts forming a key part of tourist evenings. Jaisalmer Desert Festival and Rajasthan Desert Circuit promotions draw extra cultural programmes.[web:266] Dress modestly in older quarters and near temples; tipping for musicians and camel handlers is customary. Mirror-work textiles and quilts Jewellery and handicrafts Camel leather items (ensure ethical sourcing) Dal baati churma Ker sangri Local sweets like ghevar and mawa Often cited as a must-visit on Rajasthan’s desert circuit for its fort silhouette and desert stays. Avoid driving directly on fragile dune crests, say no to plastic cutlery at camps and support smaller local operators."
83,Maravanthe & Karnataka Offbeat Coast,13.63,74.69,5,6,8,110,25.0,55,1550,3800,3200,7200,6300,14000,1.0,2.0,4,1,"Maravanthe & Karnataka Offbeat Coast Karnataka South India Udupi Coastal_drive Offbeat_beach Slow_travel Maravanthe Beach strip with river on one side, sea on the other Nearby Kodi Beach and quiet fishing hamlets Easy extensions to Udupi, Murudeshwar and Gokarna Scenic drives and photo stops Beach walks and simple village visits Backwater and boat experiences in nearby areas Striking road section where the Arabian Sea and a river run parallel to the highway, plus little-known coves and villages ideal for unhurried stops.[web:265] Kodi Beach near Kundapura for peaceful sunsets Small homestays away from the main highway November–March for calmer seas and comfortable coastal weather.[web:265] Peak monsoon for high waves and heavy rain; some erosion along highway edges occurs.[web:265] Road_trippers Quiet_beach_lovers Couples Regularly featured as one of India’s most scenic coastal drives.[web:265] Less commercial than big-name beaches; more space for relaxed, **slow** stays.[web:265] Sea can be rough; swim only where locals deem it safe; limited nightlife or typical resort entertainment. Coastal Karnataka food with fish curries, ghee roast and simple vegetarian thalis in local eateries.[web:265] Fishing communities and temple towns along the Karavali coast. Temple festivals and annual fairs in nearby towns; not a single-event destination. Dress modestly in villages and near temples; be respectful of fishermen and their working spaces. Local snacks and coastal sweets Basic handicrafts from nearby towns Fish gassi with neer dosa Udupi-style vegetarian meals Frequently praised as a hidden-gem coastal stretch and a highlight on long Konkan road trips.[web:265] Avoid littering highway viewpoints and beaches; support homestays that manage waste sensibly."
84,Astaranga & Ramachandi Beaches (Odisha Quiet Coast),19.9,86.08,3,6,8,70,45.0,40,1500,3550,2950,6600,5800,21000,1.0,1.0,3,1,"Astaranga & Ramachandi Beaches (Odisha Quiet Coast) Odisha East India Puri Offbeat_beach Sunset Culture_combo Astaranga’s colourful sunsets over Bay of Bengal Ramachandi Beach near Konark Proximity to Konark Sun Temple and Puri Quiet beach walks and photography Watching fishing boats and village life Combining with temple and heritage visits nearby Under-the-radar beaches on the Puri–Konark belt, known for vivid sunsets and relatively empty sands compared with main Puri beach.[web:265][web:268] Less-frequented stretches of Astaranga beyond main access points Morning hours when fishing activity is high but tourists are few November–February for mild weather and calm sea views.[web:265][web:268] Cyclone-prone late-monsoon/post-monsoon periods and very hot April–May afternoons. Sunset_chasers Quiet_beach_seekers Culture_plus_sea_travellers Astaranga literally means ‘colourful sunset’ and is noted for evening skies.[web:268] Easy to combine sea-time with Konark and Puri temple visits on same trip.[web:265][web:268] Limited tourist infrastructure on sand; carry basic supplies and heed local advice on sea conditions. Local seafood shacks and dhabas; better variety in Puri and Bhubaneswar.[web:268] Fishing communities and temple-linked pilgrim circuits along Odisha coast. Peak coastal energy around Rath Yatra in Puri; local village festivities at other times. Ask before photographing fishermen or their catch; keep beaches clean, as waste management is limited. Conches and souvenirs from Puri/Konark (avoid protected shells) Local snacks from village stalls Fresh fish curries from local shacks Odia sweets from nearby towns Highlighted in hidden-beach lists as calm, photogenic alternatives to busier Odisha shores.[web:265][web:268] Carry trash back to town bins and avoid disturbing turtle-nesting zones where relevant."
85,Unakoti & North Tripura Heritage Belt,24.37,92.05,180,6,8,165,10.0,165,1400,3150,2650,5800,5100,12000,1.0,1.0,2,1,"Unakoti & North Tripura Heritage Belt Tripura North East India Unakoti / North Tripura Heritage Rock_sculpture Offbeat Unakoti rock-cut reliefs and sculptures in forested gorge Local temples and village landscapes Integration with wider Tripura heritage and nature circuits Heritage walks around sculptures Short hikes and photography Village visits as part of North East circuits Ancient rock carvings of huge faces and reliefs carved into hill slopes, set amid lush vegetation and streams, still relatively little-known outside the region.[web:269] Quieter viewpoints along the steps and pathways beyond main cluster Nearby villages with traditional Tripuri life November–March for comfortable temperatures and clearer skies.[web:269] Heaviest monsoon months when paths can be slippery and access affected. Heritage_enthusiasts Offbeat_travellers Photographers Part of emerging heritage circuits in North East, featuring unique rock art not seen elsewhere in India.[web:269] Remote feel and small-town hospitality away from major tourist hubs. Stairways and paths can be steep; basic footwear grip recommended; facilities on-site are simple. Local eateries with simple Bengali and Tripuri-style meals; limited variety. Blend of tribal and Bengali cultures, with small-farm and forest-linked lifestyles. Local fairs and religious gatherings; Unakoti Mela draws regional visitors. Be respectful at active worship spots and avoid climbing on sculptures. Simple local crafts and textiles in nearby markets Simple fish and rice plates at local eateries Regional snacks available in small shops Often labelled a ‘hidden Angkor-like’ site on a much smaller scale, appreciated by those seeking unusual heritage.[web:269] Avoid touching carvings, keep noise low and carry back all trash from forested valley."
86,Mamallapuram (Mahabalipuram) & Coromandel Heritage Coast,12.62,80.19,12,9,9,55,30.0,50,1550,3600,3100,7000,6400,20700,1.0,2.0,3,0,"Mamallapuram (Mahabalipuram) & Coromandel Heritage Coast Tamil Nadu South India Chengalpattu Heritage Beach Family Weekend UNESCO-listed shore temple and rock-cut monuments Five Rathas and Arjuna’s Penance bas-relief ECR coastal drives with sea views Nearby planned heritage and eco-park projects Heritage walks among rock-cut temples Beach time on Coromandel coast Short drives to DakshinaChitra and nearby attractions Seaside temple town with some of India’s finest Pallava-era stone carving, easily combined with Chennai and Puducherry.[web:266][web:269] Less-visited boulder clusters and shrines beyond main ticketed zone Quieter stretches of ECR beaches on either side of town November–February for pleasant coastal weather; evenings are comfortable much of the year.[web:266] Peak monsoon/cyclone events and hottest April–May afternoons when humidity is high. History_and_architecture_lovers Families Weekend_getaways_from_Chennai Key site on India’s heritage circuits with iconic rock-cut temples.[web:266][web:269] Quick ECR access with beach resorts and heritage in one stop. Midday sun can be harsh among rock complexes; hats and hydration are essential. Seafood and South Indian favourites, plus cafes catering to domestic and international tourists. Temple town with artisans, fishermen and hospitality workers; strong Dravidian heritage. Dance and cultural festivals sometimes held against heritage backdrops; nearby projects like Nandavanam Heritage Park are planned under tourism circuits.[web:269] Dress modestly at temples; remove footwear where required. Stone carvings and souvenirs Shell craft and handicrafts South Indian seafood curries Filter coffee and tiffin items Regarded as a convenient and rewarding heritage stop with good combination of art, sea and resorts. Avoid climbing on carvings or boulders where prohibited; keep beaches and monument areas clean."
87,Hidden Goa Coves (Butterfly & Nearby Beaches),15.01,74.02,0,7,8,65,15.0,40,1650,3800,3200,7200,6400,18300,1.0,2.0,4,1,"Hidden Goa Coves (Butterfly & Nearby Beaches) Goa West India South Goa Beach Offbeat Short_break Photography Butterfly Beach and other small coves near Canacona Quieter sands than main stretches Proximity to Palolem/Agonda for stay and food Boat trips or treks to hidden coves Beach lounging and photography Dolphin-spotting rides (regulated in some seasons) Tucked-away coves that offer a more secluded feel than many of Goa’s crowded main beaches, especially on off-peak days.[web:268] Early-morning visits to Butterfly and similar coves before boats arrive Short hill trails connecting viewpoints above the sea November–February for good sea conditions and pleasant weather.[web:268] Monsoon when sea is rough and many boat services stop; access trails can be slippery.[web:268] Couples Small_groups Quiet_beach_seekers Secluded coves with scenic backdrops work well for relaxed, low-key days.[web:268] Option to stay in livelier Palolem/Agonda while escaping to quieter sands by day.[web:268] Carry drinking water and basic supplies; not all coves have shacks or lifeguards. Multi-cuisine shacks and cafes in main beaches; hidden coves may have nothing or one seasonal shack.[web:268] Blend of fishing villages and tourism economy. Goa-wide festival calendar; specific coves are more about natural ambience than events. Respect local fishermen’s working hours and equipment stored on beaches. Souvenirs and clothing from Palolem markets Goan fish curry-rice Seafood grills at nearby main beaches Frequently appear in ‘hidden Goa’ lists, described as lovely when timed outside peak hours.[web:268] Pack out all trash; these small coves have almost no waste handling capacity."
88,Bangaram & Kadmat Islands (Lakshadweep Quiet Beaches),10.86,72.29,0,7,9,15,-1.0,440,6600,12000,11000,20500,19000,42500,3.0,4.0,7,2,"Bangaram & Kadmat Islands (Lakshadweep Quiet Beaches) Lakshadweep Island Territory Union Territory Island Snorkelling Offbeat_beach Honeymoon Pristine white-sand beaches and lagoons Snorkelling and kayaking in clear waters Low tourist volumes due to entry restrictions Snorkelling and scuba (within regulations) Kayaking and lagoon swims Beach walks and stargazing Highly restricted tropical islands where limited resorts and regulations keep beaches exceptionally quiet and ecologically intact.[web:265] Less frequented parts of lagoon away from main jetties Night skies with minimal light pollution November–March for calmer seas and best visibility.[web:265] South-west monsoon for rough seas and limited boat options; some services may halt. Honeymooners Snorkellers Quiet_luxury_seekers Secluded beaches and limited visitor numbers create an exclusive feel.[web:265] Shallow lagoons and healthy reefs near shore in designated zones.[web:265] Strict permit regime and limited transport; bookings must align with official guidelines and capacity constraints. Buffet-style or set-menu dining in resorts with focus on seafood and Indian dishes.[web:265] Islamic island communities with fishing and coconut-based livelihoods. Local religious and community festivals; island stays focus on nature rather than events. Dress modestly away from resort beach zones; respect local religious norms. Very limited; some handicrafts and packaged coconut-based products Fresh fish and coconut-based curries Local snacks made from coconut and flour Described as among India’s most beautiful yet controlled island destinations; appreciated for quiet and clarity of water.[web:265] Use reef-safe sunscreen, avoid touching corals and abide by all restrictions on fishing and shell collection."
89,Malanad–Malabar Backwater & Rural Belt,12.35,75.15,10,6,9,80,10.0,100,1550,3800,3200,7200,6400,16300,2.0,3.0,6,1,"Malanad–Malabar Backwater & Rural Belt Kerala & Karnataka (bordering regions) South India Multiple (Kasargod, Kannur, Malnad coastal districts) Backwaters Rural Slow_travel Culture Rivers, backwaters and village landscapes Slow boat cruises as part of Malanad Malabar Cruise Tourism Local temples, theyyams (seasonal) and coastal life Backwater and river cruising Village walks and homestays Temple visits and cultural interactions Less-commercialised backwater and rural zones compared to central Kerala, with combined Karnataka–Kerala culture.[web:266] Small village jetties and local ferries Homestays participating in rural circuit programmes November–March for comfortable temperatures and navigable water levels.[web:266] Peak monsoon floods and very humid shoulder weeks; boat schedules can change. Slow_travellers Culture_seekers Families Rural circuit explicitly built around unhurried village and waterway experiences.[web:266] Chance to observe temple arts like theyyam and local rituals at close quarters. Circuit is still developing; some logistics like cruise departures and homestay quality vary. Home-style Malabar and coastal Karnataka cuisine with rice, fish and coconut dominating. Blend of Kerala and coastal Karnataka traditions in food, dress and temple architecture. Theyyam season in North Kerala and multiple temple festivals; rural circuit itineraries often overlap festival times.[web:266] Observe temple dress codes and separate areas for non-Hindus where applicable. Local spices and snacks Small handicrafts and coir products Malabar fish curry Appam with stew Local coastal snacks like pathiri variants Still niche but appreciated by travellers looking beyond mainstream Kerala backwaters. Opt for eco-certified cruises and homestays; keep waterways free of litter and respect village privacy."
90,Krishna Heritage Circuit (Mathura–Vrindavan–Dwarka Focus),27.5,77.67,170,9,8,60,2.0,150,1200,3150,2600,6000,5400,15100,2.0,4.0,10,0,"Krishna Heritage Circuit (Mathura–Vrindavan–Dwarka Focus) Uttar Pradesh, Gujarat, others Multi-state Multiple Spiritual Heritage Pilgrimage Family Mathura and Vrindavan temples associated with Krishna’s early life Dwarkadhish Temple at Dwarka in Gujarat Additional nodes in Rajasthan, Haryana and Odisha under the Krishna Circuit Temple darshans and aartis Heritage walks in old temple towns Participation in festivals and kirtans Multi-state circuit centred on the life and legends of Krishna, linking riverfront ghats, historic temples and coastal shrines.[web:266] Smaller ashrams and older shrines away from main temple queues Quieter ghats visited early morning or late evening October–March for manageable temperatures on north and west Indian plains.[web:266] Hottest summer months for long queues and heat stress; monsoon for some travel disruptions. Devotees Culture_seekers Families Designated national Krishna Circuit connects multiple major temples with improved infrastructure.[web:266] Chance to experience bhajans, kirtans and temple-town street life across regions. Crowding around festival dates; accommodation in temple towns should be booked early during Janmashtami or big yatras. Predominantly vegetarian with many satvik and temple-linked eateries. Strong Vaishnav devotional traditions with daily rituals, bhajans and prasad offerings. Janmashtami, Holi in Braj region, Kartik and other key Vaishnav festivals draw large crowds.[web:266] Dress modestly, especially in temple interiors; remove footwear and follow queue systems. Religious books, idols and accessories Local sweets like peda (Mathura) and prasad items Mathura peda and lassi Simple satvik thalis Local farsan and snacks in Gujarat nodes Considered spiritually fulfilling and logistically straightforward thanks to strong connectivity between main nodes. Use refillable bottles, avoid plastic offerings where alternatives exist and respect queue etiquette to keep flows smooth."
91,Rishikesh & Haridwar (Himalayan Yoga Route),30.12,78.29,372,10,9,20,0.0,45,1100,2950,2500,5700,5100,19200,2.0,3.0,7,0,"Rishikesh & Haridwar (Himalayan Yoga Route) Uttarakhand North India Dehradun / Haridwar Spiritual Yoga Ganga_ghats Adventure Ganga Aarti at Haridwar and Rishikesh ghats Ashrams and yoga/meditation centres Suspension bridges like Lakshman Jhula (and new bridge) Rafting and short hikes in surrounding hills Yoga classes and retreats Evening Ganga Aarti White-water rafting (seasonal) Temple and ashram visits Gateway to the Himalayas where Ganga emerges from the hills, combining yoga, spiritual stays and soft adventure.[web:273][web:274][web:277] Small ashrams upriver from main town ghats Quiet morning walks on less-crowded river stretches September–April for comfortable weather and active yoga/retreat calendar.[web:273][web:274] Peak monsoon for high river levels and landslides; high summer afternoons can be hot in Haridwar.[web:274] Yoga_seekers First_time_spiritual_travellers Families Global reputation as ‘yoga capital’, with teacher-training and shorter retreats.[web:273][web:274] Easy logistics and wide range of ashrams and hotels at different budgets.[web:273] Alcohol and non-vegetarian food are restricted in many parts of Rishikesh; respect river safety advisories during rafting and high flow. Predominantly vegetarian with many cafes serving Indian and continental health-focused dishes.[web:273] Deeply religious Ganga-town culture with daily rituals, kirtans and satsangs. Kumbh (periodic in Haridwar), Kanwar Yatra, Ganga Dussehra and numerous ashram events.[web:277] Dress modestly at ghats and temples; avoid photography during worship where restricted. Rudraksha beads and spiritual books Ayurvedic products and yoga gear Simple ashram thalis Street-side chole–bhature and lassi in Haridwar Frequently rated among India’s top spiritual journeys, combining accessibility with a strong yoga and Ganga focus.[web:273][web:274] Avoid plastic near the river, participate in ghat clean‑ups where offered and use biodegradable offerings."
92,Varanasi Ganga Ghats Pilgrimage,25.31,83.01,80,10,8,22,2.0,120,1300,3350,2700,6200,5500,21300,2.0,3.0,5,0,"Varanasi Ganga Ghats Pilgrimage Uttar Pradesh North India Varanasi Spiritual Heritage Ganga_ghats Ganga ghats including Dashashwamedh and Assi Kashi Vishwanath Temple corridor Morning and evening Ganga Aarti Boat rides on the river Sunrise and sunset boat rides Walking tours of lanes and ghats Temple darshans and ritual observance One of the world’s oldest living cities, with continuous ritual life along the Ganga and dense historic lanes.[web:274][web:276][web:277] Less-crowded southern ghats near Assi in early morning Small akharas and temples tucked inside alleys October–March for more comfortable temperatures and clear river mornings.[web:274][web:276] Peak summer heat and humidity; some monsoon weeks with very high river levels. Spiritual_travellers Photographers Culture_seekers Ghats and temples form a focused ‘Varanasi Ganga Ghats Pilgrimage’ route highlighted in modern spiritual itineraries.[web:274][web:277] Atmospheric light, boats and rituals create powerful visual scenes. Crowded and intense; stay aware of belongings in narrow lanes and respect people’s privacy during funerary rituals. Mostly vegetarian, with street food staples like kachori–sabzi, chaat and sweets, plus cafes in touristy pockets.[web:274] Strongly devotional Hindu culture with continuous aartis, yagya and Sanskrit chanting traditions. Dev Deepawali, Kartik month rituals, Holi (nearby), and countless local temple festivals.[web:274][web:277] Dress modestly; remove footwear at temples; avoid photography at cremation ghats unless explicitly allowed. Rudraksha, religious books and brassware Silk sarees from local weavers Banarasi paan Kachori–sabzi and jalebi breakfast Lassi from traditional shops Described as intense, moving and unforgettable; often included in ‘transformative routes’ lists for spiritual India.[web:274][web:277] Use eco-friendly offerings, avoid throwing plastic into the river and support ghats that host clean‑up efforts."
93,Bodh Gaya Buddhist Circuit Hub,24.7,84.99,113,9,8,10,15.0,110,1300,3250,2700,6000,5200,15300,2.0,3.0,5,1,"Bodh Gaya Buddhist Circuit Hub Bihar East India Gaya Spiritual Buddhist_circuit Heritage Mahabodhi Temple Complex (UNESCO) Bodhi Tree and meditation paths International monasteries from various Buddhist countries Meditation and retreats Temple circumambulation and puja Visits to nearby Buddhist sites in the circuit Site of Buddha’s enlightenment, drawing monks, meditators and pilgrims from across the world.[web:274][web:276] Quiet predawn and late-night meditation times at temple complex (when permitted) Smaller monasteries representing different Buddhist traditions October–March for pleasant weather and active international pilgrimage season.[web:274] Peak summer heat; some monsoon periods for humidity and waterlogging. Meditation_practitioners Buddhist_pilgrims Culture_seekers Highlighted as a core stop on the ‘Bodh Gaya Buddhist Circuit’ route in spiritual travel features.[web:274] Global Buddhist community convergence with teachings, retreats and ceremonies. Respect temple rules regarding silence, dress and photography; security can be tight during peak events. Simple vegetarian and multi‑cuisine cafes serving travellers and monastic communities.[web:274] Mix of local Bihari communities with international Buddhist presence. Buddha Purnima and periodic large‑scale teachings by senior monks and teachers.[web:274] Dress modestly and move clockwise (pradakshina) around sacred structures as per traditions. Buddhist statues and ritual items Books and CDs on meditation and teachings Simple thalis at pilgrim restaurants Tea and snacks at monastery canteens Frequently described as calm and deeply contemplative, particularly beyond peak hours in temple complex.[web:274] Help keep temple grounds quiet and clean; avoid overuse of plastic near sacred areas."
94,Rameswaram & Pamban Coast (Sacred Water Walk),9.29,79.31,10,8,9,175,1.0,170,1200,2850,2400,5450,4800,12700,1.0,2.0,3,1,Rameswaram & Pamban Coast (Sacred Water Walk) Tamil Nadu South India Ramanathapuram Spiritual Coastal Pilgrimage Ramanathaswamy Temple and long pillared corridors Sacred ‘teerthams’ (water bodies) and sea dips Pamban Bridge views and coastal scenery Temple darshans and ritual baths at designated wells/ghats Walks along sea and bridge viewpoints Short drives to Dhanushkodi ruins and beaches A coastal pilgrimage combining legendary Ramayana associations with a ritual walk through multiple sacred water points.[web:274] Early‑morning temple visits before crowds build Quiet stretches of coast near Dhanushkodi on non‑holiday weekdays October–March for relatively milder heat and calmer seas.[web:274] Peak summer and days with active cyclonic systems in Bay of Bengal. Devotees Culture_plus_sea_travellers Families Listed in spiritual‑journey guides as ‘Rameswaram Sacred Water Walk’ for its many teerthams.[web:274] Temple plus coastal landscapes and Pamban views make for a rounded trip. Strict dress norms for certain temple areas; check timings and rules for water rituals; sea can have strong currents. Vegetarian and coastal South Indian cuisine dominated by tiffin items and thalis. Devotional Shaivite town with strong temple economy and seafaring links. Shivratri and other major Hindu festival days see big inflows.[web:274] Maintain decorum during rituals; follow temple queues and instructions from priests. Religious souvenirs and shells (ensure not from protected species) Local snacks and sweets South Indian filter coffee Temple‑town vegetarian meals Described as spiritually intense and visually striking due to long corridors and the surrounding sea.[web:274] Avoid soap/shampoo in sea or teerthams; use eco‑friendly offerings and minimise plastic at ghats.
95,Hampi & Pattadakal (UNESCO Vijayanagara–Chalukya Circuit),15.33,76.46,470,9,9,140,13.0,340,1550,3800,3200,7200,6400,19300,2.0,3.0,5,1,"Hampi & Pattadakal (UNESCO Vijayanagara–Chalukya Circuit) Karnataka South India Vijayanagara / Bagalkot Heritage UNESCO Photography Ruins and temple complexes of Hampi (UNESCO) Vittala Temple and Stone Chariot Pattadakal temple complex (UNESCO) Nearby Badami caves and Aihole early temples Guided heritage walks and cycling Sunrise/sunset viewpoints over boulder landscapes Day trips linking Hampi with Pattadakal–Badami–Aihole Surreal boulder‑strewn landscapes dotted with Vijayanagara capital ruins, combined with early temple experiments and Chalukyan art nearby.[web:276][web:279] Less‑visited shrines and river‑side ghats in Hampi Smaller structures in Aihole with early experimentation October–March for bearable daytime heat and clearer skies.[web:276][web:279] Peak summer; some monsoon weeks when paths become slick among boulders. History_buffs Architecture_lovers Backpackers Featured in UNESCO circuits as must‑visit for Vijayanagara and Chalukyan architecture.[web:276][web:279] Mix of Dravidian and Nagara styles, cave temples and monumental complexes. Large area and strong sun; plan early‑morning and late‑afternoon sightseeing and carry enough water. Simple South Indian, North Indian and traveller‑oriented cafes near main bazaar zones.[web:279] Rural Karnataka communities interwoven with heritage tourism economy. Hampi Utsav and other cultural events highlight music and dance against monument backdrops.[web:276] Avoid climbing on fragile structures; follow ASI guidelines at sites. Local handicrafts and small stone carvings Simple souvenirs and textiles South Indian tiffin at local eateries Special vegetarian thalis Rated as one of India’s most rewarding heritage landscapes, with many visitors recommending at least 3 days.[web:276][web:279] Stick to marked paths, avoid graffiti and support local guides trained in heritage interpretation."
96,Gulmarg (Kashmir Ski & Snow Destination),34.05,74.38,2650,9,7,50,50.0,50,3600,7600,6400,13500,12200,32700,2.0,3.0,7,1,"Gulmarg (Kashmir Ski & Snow Destination) Jammu and Kashmir North India Baramulla Skiing Snow_destination Mountain Gulmarg Gondola (one of highest cable cars) Deep‑snow ski slopes and powder runs Meadows and pine forests turning into ski terrain in winter Skiing and snowboarding (varied difficulty) Snow play and sledging Gondola rides for vistas and high‑altitude access Global‑level ski terrain with high‑altitude powder slopes and a famous gondola, set within classic Kashmir scenery.[web:275][web:278] Off‑piste runs for advanced skiers with guides Quieter snow meadows away from main crowd belts December–March for snow sports, with peak conditions often Jan–Feb.[web:275][web:278] Shoulder weeks with slushy snow; heavy storm days when lifts may be closed. Skiers_and_snowboarders Snow_lovers Adventure_travellers Described as ‘Himalayan ski paradise’ with terrain for beginners to professionals.[web:275][web:278] Heli‑skiing and off‑piste options suit experienced riders.[web:278] Avalanche and weather risks at higher slopes; always ski with certified guides and follow official advisories.[web:278] Kashmiri and North Indian dishes with hearty winter meals in hotels and dhabas.[web:275] Mountain communities with tourism and pastoral livelihoods; winter economy strongly ski‑oriented. Winter sports events and ski competitions occasionally organised. Negotiation for sleds/ponies is common; agree prices clearly beforehand. Woollens and pashmina (better verified in Srinagar) Small souvenirs in local shops Kashmiri wazwan dishes (mostly in Srinagar) Noon chai and kahwa Frequently cited as India’s premier adventure ski destination with stunning views and serious powder.[web:275][web:278] Respect off‑piste guidelines; avoid littering slopes and support operators who follow mountain‑safety norms."
97,Auli (Garhwal Ski & Snow Resort),30.53,79.57,2800,8,8,280,260.0,300,2800,5900,5000,10900,9800,23100,2.0,3.0,5,2,"Auli (Garhwal Ski & Snow Resort) Uttarakhand North India Chamoli Skiing Snow_destination Mountain Groomed ski slopes with Nanda Devi views Chair‑lifts and cable car rides Snow activities for beginners and families Skiing lessons and guided runs Snow play and simple sledding Short treks and viewpoint walks Well‑structured, family‑friendly ski slopes with spectacular Himalayan backdrops.[web:275][web:278] Quiet slope segments early in the day Nearby viewpoints away from main lift lines January–March for reliable snow on slopes and comfortable winter stays.[web:275][web:278] Weeks with patchy snowfall; monsoon when access roads can be affected. First_time_skiers Families Snow_view_lovers Article comparisons emphasise Auli’s smooth, groomed slopes and structured facilities for beginners.[web:275][web:278] Compact resort‑style setting with designated learning areas and local trainers.[web:278] Long drive times; altitude acclimatisation helpful; book ski equipment and instruction in advance for peak weeks.[web:278] Hotel‑based dining with North Indian and Garhwali dishes; limited independent cafes in peak snow belt. Garhwali hill communities; winter months bring seasonal tourism focus. Occasional skiing championships and winter events.[web:275] Respect local temple norms in Joshimath and surrounding villages. Woollens and small souvenirs in Joshimath Garhwali dishes like aloo ke gutke Simple hot pahadi meals in cold weather Well liked by families and first‑time skiers; often contrasted with Gulmarg as the gentler, more organised option.[web:275][web:278] Keep slopes clean, avoid off‑trail damage to vegetation and minimise vehicle idling around snow zones."
98,Tiruvannamalai & Arunachala (Inner Fire Journey),12.23,79.07,200,7,8,190,1.0,90,1000,2600,2100,4700,4100,11200,2.0,3.0,7,1,"Tiruvannamalai & Arunachala (Inner Fire Journey) Tamil Nadu South India Tiruvannamalai Spiritual Ashram Pilgrimage Arunachaleswarar Temple Ramana Maharshi Ashram Girivalam/Pradakshina (circumambulation) of Arunachala hill Temple darshans and aartis Meditation and satsangs at ashrams Hill circumambulation walk (14–15 km) Fire‑element associated hill considered a powerful spiritual centre for self‑inquiry and meditation.[web:274] Quieter ashrams and satsang venues beyond main centres Predawn or late‑night girivalam on non‑festival days (with safety in mind) November–March for cooler walking temperatures.[web:274] Hottest late‑summer weeks for long barefoot walks; heavy‑rain days. Meditation_seekers Spiritual_solo_travellers Ashram_visitors Recommended as ‘Inner Fire Journey’ in spiritual‑routes lists, focused on introspection and self‑enquiry.[web:274] Multiple ashrams and satsang centres near Arunachala. Crowds and traffic around full‑moon girivalam; book stays early for major festival dates. Mostly vegetarian tiffin and thalis; ashram food is simple and sattvic. Strong Shaivite devotional culture with continuous worship and pilgrim movement. Karthigai Deepam, full‑moon girivalam days and numerous temple festivals.[web:274] Dress modestly; many people walk girivalam barefoot as a vow. Religious books and photos Incense and small souvenirs Simple South Indian meals Filter coffee in local tiffin shops Regarded as intense but inward‑focused pilgrimage town; many visitors return annually for spiritual practice.[web:274] Keep the girivalam path clean, avoid plastic offerings and respect forested flanks of Arunachala."
99,Amarkantak Nature–Spiritual Loop,22.67,81.75,1065,6,8,230,40.0,230,1050,2700,2200,4800,4200,10300,2.0,2.0,4,1,"Amarkantak Nature–Spiritual Loop Madhya Pradesh / Chhattisgarh border Central India Anuppur region Spiritual Nature Offbeat Source region of Narmada and Son rivers Temples and ashrams amidst forests Nearby waterfalls and viewpoints Temple and river‑source visits Short hikes to falls and forest viewpoints Meditation and ashram stays Jungle‑edge plateau with river origins, mixing quiet nature with low‑key spiritual sites.[web:274] Less‑visited streams and smaller shrines in forested areas Off‑peak weekday walks along river‑source paths October–March for cool, dry weather and walkable trails.[web:274] Heavy monsoon for leechy, slippery trails; very hot pre‑monsoon months. Nature_spiritual_seekers Offbeat_travellers Small_groups Highlighted as ‘Amarkantak Nature–Spiritual Loop’ blending river origins and simple ashrams.[web:274] Low footfall and basic facilities keep it relatively uncommercial. Facilities and healthcare are basic; good for those comfortable with small‑town infrastructure. Basic vegetarian meals; limited restaurant variety. Central Indian hill communities with strong river‑reverence traditions. Local river festivals and religious gatherings at origin points.[web:274] Maintain silence and cleanliness at river‑source spots regarded as highly sacred. Small religious items and local snacks Simple thalis at local dhabas Not as famous as big pilgrim towns but appreciated by those seeking a green, uncrowded spiritual escape.[web:274] Carry trash out of forests, avoid loud music and respect wildlife presence on trails."
100,Haridwar–Rishikesh–Char Dham Spiritual Trail (Meta‑Circuit Node),30.0,78.2,300,10,8,25,0.0,45,1050,2750,2300,5100,4700,17800,1.0,2.0,4,1,"Haridwar–Rishikesh–Char Dham Spiritual Trail (Meta‑Circuit Node) Uttarakhand North India Haridwar / Dehradun / Garhwal Spiritual Pilgrimage_hub Family Gateway status for Char Dham Yatra (Yamunotri, Gangotri, Kedarnath, Badrinath) Haridwar and Rishikesh ghats and ashrams Organised yatra packages originating here Short local darshans and Ganga Aarti Start/end‑point rituals for longer yatras Booking and orientation for hill pilgrimages Serves as basecamp for some of India’s most significant Himalayan pilgrimages while also offering stand‑alone spiritual stays.[web:273][web:274][web:277] Small family‑run dharamshalas favoured by repeat pilgrims Off‑season quiet days on selected ghats Char Dham window (roughly April/May–Oct, excluding heavy‑rain weeks) plus separate Sep–Apr spiritual‑stay season.[web:273][web:277] Peak monsoon for landslides in upper Garhwal; very hot May days for those not proceeding uphill. Pilgrim_families Organised_tour_groups First_time_Himalayan_pilgrims Char Dham packages commonly bundle Haridwar–Rishikesh orientation nights.[web:273] Infrastructure, guides and tour operators concentrated here for spiritual tourism.[web:277] Char Dham routes demand fitness and altitude tolerance; check health and travel insurance; follow official advisories closely.[web:273][web:277] Vegetarian restaurants and langar/annadan setups for pilgrims. Highly devotional Ganga towns with strong yatra support ecosystem. Kumbh (periodically), Kanwar Yatra and multiple fairs create intense surges.[web:277] Queue discipline and modest dress are expected; respect lane closures and police directions in festival time. Yatra essentials, woollens and spiritual items Ayurvedic medicines and books Simple bhojanalay thalis Street chaat and sweets before/after yatra Seen as the natural jumping‑off point for major Himalayan pilgrimages; spiritual‑tour trend pieces cite strong demand from all age groups.[web:273][web:277] Travel in smaller groups where possible, avoid litter during yatras and adhere to hill‑route carrying‑capacity advisories."
